Date,Signal,Value,Strength
2025-08-01 00:00:00-04:00,EMA_10_20_Bearish_Crossover,202.1505889892578,Medium
2025-08-01 00:00:00-04:00,Volume_Spike,104434500.0,High
2025-08-06 00:00:00-04:00,Large_Price_Move,5.090680618623611,High
2025-08-07 00:00:00-04:00,EMA_10_20_Bullish_Crossover,219.7805633544922,Medium
2025-08-07 00:00:00-04:00,MACD_Bullish_Crossover,0.9955470802894126,Medium
2025-08-08 00:00:00-04:00,Large_Price_Move,4.235792328538146,High
2025-08-13 00:00:00-04:00,RSI_Overbought,70.72203902587563,Medium
2025-08-18 00:00:00-04:00,RSI_Overbought,71.04721842914002,Medium
2025-08-19 00:00:00-04:00,RSI_Overbought,74.00808169832908,Medium
2025-08-21 00:00:00-04:00,RSI_Overbought,75.6831799422083,Medium
2025-08-22 00:00:00-04:00,RSI_Overbought,76.67897600735917,Medium
2025-08-25 00:00:00-04:00,RSI_Overbought,76.39698327527762,Medium
2025-08-26 00:00:00-04:00,RSI_Overbought,71.34754250222097,Medium
2025-09-03 00:00:00-04:00,MACD_Bullish_Crossover,5.012724123154385,Medium
