strike,expiration,days_to_expiry,last,bid,ask,mid_price,volume,open_interest,delta,gamma,theta,vega,implied_volatility,moneyness,spread_pct
245.0,2025-08-22,3,13.48,13.6,14.35,13.975,13,144,-1.0,0.0,0.029,0.0,0.0198,3.0625,5.3667
257.5,2025-08-22,3,26.25,26.15,26.85,26.5,3,0,-0.9958,0.0013,0.0158,0.003,0.3905,3.2188,2.6415
247.5,2025-08-22,3,17.29,16.15,16.85,16.5,4,19,-0.9951,0.0023,0.0183,0.0034,0.2539,3.0938,4.2424
320.0,2025-08-22,3,88.7,88.7,89.35,89.025,2,0,-0.9924,0.0007,-0.0414,0.0051,1.249,4.0,0.7301
325.0,2025-08-22,3,93.6,93.7,94.35,94.025,2,0,-0.9924,0.0007,-0.0448,0.0051,1.3075,4.0625,0.6913
252.5,2025-08-22,3,21.39,21.4,21.8,21.6,190,8,-0.9748,0.0057,-0.047,0.0142,0.4295,3.1562,1.8519
250.0,2025-08-22,3,18.75,18.95,19.25,19.1,295,113,-0.9721,0.0068,-0.0466,0.0155,0.3905,3.125,1.5707
290.0,2025-08-29,10,59.48,58.75,59.35,59.05,3,0,-0.968,0.0026,-0.0559,0.0288,0.6832,3.625,1.0161
275.0,2025-08-29,10,43.3,43.6,44.4,44.0,2,0,-0.9679,0.0034,-0.0374,0.0288,0.5271,3.4375,1.8182
242.5,2025-08-22,3,11.5,11.35,11.85,11.6,27,117,-0.9538,0.0146,-0.0524,0.0234,0.2734,3.0312,4.3103
310.0,2025-09-19,31,78.6,78.8,79.4,79.1,2,0,-0.9306,0.0031,-0.0541,0.0912,0.6246,3.875,0.7585
285.0,2025-09-19,31,53.6,53.85,54.35,54.1,1,0,-0.9223,0.0045,-0.0411,0.0994,0.4685,3.5625,0.9242
250.0,2025-09-05,17,18.8,18.6,19.6,19.1,4,28,-0.9106,0.0124,-0.0312,0.0829,0.2539,3.125,5.2356
260.0,2025-09-26,38,28.8,28.1,29.45,28.775,1,81,-0.9088,0.0086,-0.012,0.1238,0.2539,3.25,4.6916
240.0,2025-08-22,3,9.1,9.2,9.35,9.275,944,7034,-0.9068,0.0252,-0.1118,0.0403,0.2734,3.0,1.6173
245.0,2025-08-29,10,12.92,14.15,14.5,14.325,7,143,-0.9022,0.017,-0.0535,0.0692,0.2539,3.0625,2.4433
260.0,2025-09-19,31,28.75,28.75,29.4,29.075,104,46,-0.9001,0.0088,-0.0268,0.1199,0.2929,3.25,2.2356
305.0,2025-10-17,59,73.81,73.8,74.3,74.05,1,0,-0.8983,0.0039,-0.0343,0.1663,0.488,3.8125,0.6752
300.0,2025-10-17,59,68.79,68.8,69.4,69.1,1,5,-0.8936,0.0042,-0.0344,0.1718,0.4685,3.75,0.8683
275.0,2025-10-17,59,43.6,43.55,44.45,44.0,2,0,-0.8808,0.0064,-0.0222,0.1864,0.3319,3.4375,2.0455
242.5,2025-08-29,10,11.6,11.85,12.15,12.0,7,226,-0.8558,0.0223,-0.0802,0.091,0.2539,3.0312,2.5
250.0,2025-09-19,31,18.79,19.15,19.55,19.35,79,434,-0.8546,0.0142,-0.0315,0.1561,0.2344,3.125,2.0672
260.0,2025-10-17,59,28.53,28.8,29.35,29.075,8,74,-0.8492,0.0098,-0.0196,0.2191,0.2539,3.25,1.8917
245.0,2025-09-12,24,14.58,14.15,15.05,14.6,36,72,-0.835,0.0191,-0.0399,0.15,0.2149,3.0625,6.1644
237.5,2025-08-22,3,6.7,6.95,7.15,7.05,530,860,-0.8303,0.0382,-0.1852,0.0611,0.2734,2.9688,2.8369
250.0,2025-09-26,38,19.5,19.1,19.75,19.425,10,133,-0.8262,0.0145,-0.0333,0.1937,0.2344,3.125,3.3462
255.0,2025-10-17,59,25.1,24.35,24.6,24.475,115,351,-0.8219,0.0119,-0.0222,0.244,0.2344,3.1875,1.0215
265.0,2025-11-21,94,34.4,33.75,34.55,34.15,1,2,-0.8191,0.0088,-0.015,0.31,0.2539,3.3125,2.3426
247.5,2025-09-19,31,17.05,16.95,17.35,17.15,3,0,-0.819,0.0164,-0.0414,0.18,0.2344,3.0938,2.3324
242.5,2025-09-05,17,11.55,12.15,12.45,12.3,39,0,-0.8094,0.0226,-0.0672,0.1394,0.2344,3.0312,2.439
240.0,2025-08-29,10,9.6,9.8,9.95,9.875,98,2632,-0.7957,0.0279,-0.1082,0.1137,0.2539,3.0,1.519
245.0,2025-09-19,31,14.95,14.9,15.15,15.025,66,3874,-0.778,0.0186,-0.0514,0.2035,0.2344,3.0625,1.6639
260.0,2025-11-21,94,29.45,29.45,29.8,29.625,265,223,-0.7778,0.01,-0.022,0.3507,0.2539,3.25,1.1814
265.0,2025-12-19,122,34.1,34.3,34.65,34.475,95,264,-0.777,0.0088,-0.0159,0.3999,0.2539,3.3125,1.0152
275.0,2026-01-16,150,43.4,43.7,44.7,44.2,4,141,-0.77,0.007,-0.0174,0.451,0.2929,3.4375,2.2624
250.0,2025-10-17,59,20.05,19.95,20.2,20.075,515,629,-0.7625,0.0141,-0.0332,0.2894,0.2344,3.125,1.2453
270.0,2026-01-16,150,39.14,38.7,39.7,39.2,2,202,-0.758,0.0077,-0.0165,0.4637,0.2734,3.375,2.551
255.0,2025-11-21,94,25.45,24.9,25.55,25.225,6,150,-0.7507,0.0115,-0.0226,0.3738,0.2344,3.1875,2.5768
240.0,2025-09-05,17,10.5,9.9,10.55,10.225,98,221,-0.7506,0.0264,-0.0842,0.1627,0.2344,3.0,6.357
260.0,2025-12-19,122,30.0,29.85,30.15,30.0,1,529,-0.7366,0.0096,-0.0214,0.4376,0.2539,3.25,1.0
242.5,2025-09-19,31,12.89,12.9,13.25,13.075,2,0,-0.7316,0.0206,-0.0609,0.2254,0.2344,3.0312,2.6769
237.5,2025-08-29,10,7.99,7.85,8.0,7.925,20,214,-0.722,0.033,-0.1344,0.1345,0.2539,2.9688,1.8927
235.0,2025-08-22,3,5.0,5.05,5.15,5.1,2352,1358,-0.7209,0.0509,-0.2573,0.0812,0.2734,2.9375,1.9608
245.0,2025-10-17,59,16.4,15.9,16.2,16.05,221,373,-0.7108,0.017,-0.036,0.32,0.2149,3.0625,1.8692
240.0,2025-09-12,24,10.78,10.75,10.95,10.85,6,128,-0.7095,0.0242,-0.0763,0.207,0.2344,3.0,1.8433
237.5,2025-09-05,17,7.65,8.4,8.75,8.575,8,0,-0.6827,0.0296,-0.0992,0.1827,0.2344,2.9688,4.0816
240.0,2025-09-19,31,10.9,11.1,11.35,11.225,97,2487,-0.6802,0.0223,-0.0695,0.2444,0.2344,3.0,2.2272
250.0,2025-12-19,122,22.0,22.05,22.3,22.175,10,3238,-0.6588,0.0117,-0.0262,0.4918,0.2344,3.125,1.1274
240.0,2025-09-26,38,11.42,11.55,11.95,11.75,8,121,-0.6578,0.0208,-0.0639,0.2772,0.2344,3.0,3.4043
237.5,2025-09-19,31,9.4,9.25,9.65,9.45,28,0,-0.6377,0.0255,-0.0675,0.2563,0.2149,2.9688,4.2328
235.0,2025-08-29,10,6.05,6.15,6.3,6.225,279,1439,-0.6363,0.0369,-0.1555,0.1505,0.2539,2.9375,2.4096
245.0,2025-11-21,94,17.85,17.7,18.15,17.925,444,221,-0.6338,0.0136,-0.0352,0.4432,0.2344,3.0625,2.5105
255.0,2026-02-20,185,27.75,27.35,27.8,27.575,1,17,-0.6314,0.009,-0.0218,0.6215,0.2539,3.1875,1.6319
250.0,2026-01-16,150,22.67,22.8,23.05,22.925,30,3573,-0.6305,0.0108,-0.0235,0.5604,0.2344,3.125,1.0905
265.0,2026-06-18,303,37.34,37.05,38.0,37.525,1,222,-0.6267,0.0071,-0.0118,0.7979,0.2539,3.3125,2.5316
240.0,2025-10-17,59,12.41,12.6,12.75,12.675,265,1179,-0.6251,0.0188,-0.045,0.3549,0.2149,3.0,1.1834
235.0,2025-09-05,17,6.6,6.75,7.0,6.875,99,512,-0.6072,0.032,-0.1109,0.1971,0.2344,2.9375,3.6364
245.0,2025-12-19,122,18.0,18.7,18.9,18.8,10,681,-0.6028,0.0123,-0.0305,0.5168,0.2344,3.0625,1.0638
270.0,2026-09-18,395,42.64,42.65,43.45,43.05,2,104,-0.5957,0.0059,-0.0107,0.9317,0.2734,3.375,1.8583
255.0,2026-04-17,241,29.02,28.6,29.5,29.05,1,0,-0.5941,0.0081,-0.0185,0.729,0.2539,3.1875,3.0981
232.5,2025-08-22,3,3.48,3.45,3.55,3.5,5524,3679,-0.5839,0.059,-0.3058,0.0943,0.2734,2.9062,2.8571
235.0,2025-09-12,24,7.35,7.45,7.65,7.55,157,235,-0.5826,0.0276,-0.0937,0.2359,0.2344,2.9375,2.649
280.0,2027-01-15,514,52.0,51.9,52.85,52.375,56,264,-0.5811,0.0049,-0.0083,1.0714,0.2929,3.5,1.8138
245.0,2026-01-16,150,19.7,19.55,19.8,19.675,10,1887,-0.579,0.0112,-0.0269,0.5808,0.2344,3.0625,1.2706
250.0,2026-03-20,213,24.73,24.65,25.3,24.975,30,661,-0.5719,0.0087,-0.0225,0.6938,0.2539,3.125,2.6026
240.0,2025-11-21,94,14.47,14.65,14.8,14.725,322,319,-0.5673,0.0142,-0.0399,0.4632,0.2344,3.0,1.0187
235.0,2025-09-19,31,8.0,8.0,8.1,8.05,319,4725,-0.5655,0.0246,-0.0821,0.2691,0.2344,2.9375,1.2422
270.0,2026-12-18,486,43.85,43.9,44.9,44.4,10,1082,-0.5614,0.0054,-0.0089,1.0513,0.2734,3.375,2.2523
235.0,2025-09-26,38,8.35,8.45,8.75,8.6,133,75,-0.5524,0.0224,-0.0735,0.2985,0.2344,2.9375,3.4884
240.0,2025-12-19,122,15.52,15.75,15.9,15.825,117,3681,-0.5434,0.0126,-0.0339,0.5315,0.2344,3.0,0.9479
250.0,2026-05-15,269,26.6,26.4,27.05,26.725,1,57,-0.5431,0.0079,-0.019,0.7876,0.2539,3.125,2.4322
232.5,2025-08-29,10,4.71,4.7,4.8,4.75,1574,1119,-0.5422,0.039,-0.1681,0.159,0.2539,2.9062,2.1053
250.0,2026-06-18,303,27.31,27.3,27.6,27.45,1,1927,-0.5286,0.0074,-0.0173,0.8385,0.2539,3.125,1.0929
232.5,2025-09-05,17,5.27,5.4,5.55,5.475,309,0,-0.5265,0.0331,-0.1178,0.2041,0.2344,2.9062,2.7397
235.0,2025-10-17,59,9.75,9.7,9.85,9.775,408,2806,-0.5252,0.0182,-0.0572,0.3727,0.2344,2.9375,1.5345
240.0,2026-01-16,150,16.66,16.65,16.85,16.75,218,5388,-0.5249,0.0114,-0.0296,0.5913,0.2344,3.0,1.194
245.0,2026-04-17,241,21.75,21.15,24.15,22.65,1,0,-0.5178,0.0084,-0.0224,0.7493,0.2539,3.0625,13.245
260.0,2026-12-18,486,37.99,37.25,38.1,37.675,4,1767,-0.514,0.0055,-0.0113,1.0633,0.2734,3.25,2.2561
260.0,2027-01-15,514,38.3,37.95,38.65,38.3,4,1906,-0.506,0.0053,-0.0107,1.094,0.2734,3.25,1.8277
250.0,2026-08-21,367,28.43,27.2,31.15,29.175,3,0,-0.5053,0.0068,-0.0147,0.9248,0.2539,3.125,13.539
232.5,2025-09-19,31,6.51,6.65,6.8,6.725,601,0,-0.5043,0.0249,-0.0853,0.2727,0.2344,2.9062,2.2305
240.0,2026-02-20,185,18.78,18.15,18.5,18.325,1,87,-0.5005,0.0095,-0.0289,0.6575,0.2539,3.0,1.91
235.0,2025-11-21,94,12.4,11.95,12.1,12.025,56,498,-0.4974,0.0144,-0.043,0.4699,0.2344,2.9375,1.2474
280.0,2027-12-17,850,55.4,53.5,56.6,55.05,1,602,-0.4928,0.0039,-0.0042,1.4062,0.2929,3.5,5.6312
240.0,2026-03-20,213,19.22,19.1,19.35,19.225,3,1887,-0.4885,0.0089,-0.0261,0.705,0.2539,3.0,1.3004
235.0,2025-12-19,122,12.96,13.15,13.25,13.2,102,2467,-0.4818,0.0127,-0.0362,0.5342,0.2344,2.9375,0.7576
240.0,2026-04-17,241,19.95,18.8,21.2,20.0,2,1,-0.478,0.0084,-0.0238,0.7489,0.2539,3.0,12.0
235.0,2026-01-16,150,13.95,14.05,14.25,14.15,49,4546,-0.4692,0.0114,-0.0314,0.5907,0.2344,2.9375,1.4134
240.0,2026-05-15,269,20.86,20.85,21.2,21.025,26,42,-0.4686,0.0079,-0.0218,0.7898,0.2539,3.0,1.6647
240.0,2026-06-18,303,21.7,21.85,22.05,21.95,6,950,-0.4584,0.0074,-0.0198,0.836,0.2539,3.0,0.9112
235.0,2026-02-20,185,15.6,15.75,15.95,15.85,6,203,-0.4542,0.0095,-0.0302,0.6532,0.2539,2.9375,1.2618
230.0,2025-08-29,10,3.52,3.5,3.6,3.55,1775,5637,-0.4446,0.0388,-0.1702,0.1584,0.2539,2.875,2.8169
230.0,2025-09-05,17,4.25,4.2,4.35,4.275,1284,2014,-0.4438,0.0329,-0.1192,0.2025,0.2344,2.875,3.5088
230.0,2025-09-12,24,4.8,4.95,5.1,5.025,1661,2378,-0.4436,0.0279,-0.0991,0.2386,0.2344,2.875,2.9851
230.0,2025-09-19,31,5.47,5.55,5.65,5.6,1347,10167,-0.4423,0.0246,-0.0861,0.2699,0.2344,2.875,1.7857
230.0,2025-09-26,38,5.98,6.0,6.2,6.1,438,175,-0.4407,0.0223,-0.0767,0.2978,0.2344,2.875,3.2787
240.0,2026-08-21,367,23.76,22.6,24.85,23.725,20,94,-0.4383,0.0062,-0.019,0.9138,0.2734,3.0,9.4837
230.0,2025-08-22,3,2.26,2.26,2.3,2.28,26016,6279,-0.4377,0.0557,-0.3365,0.0952,0.2929,2.875,1.7544
235.0,2026-04-17,241,17.45,16.35,17.7,17.025,1,0,-0.4377,0.0083,-0.0248,0.7408,0.2539,2.9375,7.9295
230.0,2025-10-17,59,7.4,7.35,7.5,7.425,1437,7268,-0.4352,0.0179,-0.0592,0.3685,0.2344,2.875,2.0202
230.0,2025-11-21,94,9.7,9.7,9.8,9.75,574,9480,-0.428,0.0131,-0.0488,0.4622,0.2539,2.875,1.0256
260.0,2027-12-17,850,42.92,40.5,43.5,42.0,1,626,-0.4271,0.0038,-0.007,1.3829,0.2929,3.25,7.1429
235.0,2026-06-18,303,19.5,19.4,19.6,19.5,13,1958,-0.4226,0.0073,-0.0206,0.8247,0.2539,2.9375,1.0256
230.0,2025-12-19,122,10.75,10.85,11.0,10.925,107,2295,-0.4212,0.0115,-0.0412,0.5242,0.2539,2.875,1.373
240.0,2026-12-18,486,26.45,26.4,26.65,26.525,1,4733,-0.4136,0.0053,-0.0147,1.0389,0.2734,3.0,0.9425
230.0,2026-01-16,150,11.8,11.85,12.0,11.925,5106,8842,-0.413,0.0112,-0.0322,0.5783,0.2344,2.875,1.2579
240.0,2027-01-15,514,27.3,26.8,27.2,27.0,32,4382,-0.4085,0.0052,-0.0139,1.0652,0.2734,3.0,1.4815
230.0,2026-02-20,185,13.45,13.55,13.7,13.625,58,3852,-0.4076,0.0093,-0.0309,0.6398,0.2539,2.875,1.1009
235.0,2026-09-18,395,21.8,21.9,22.1,22.0,209,328,-0.4031,0.0059,-0.0184,0.931,0.2734,2.9375,0.9091
230.0,2026-03-20,213,14.3,14.45,14.6,14.525,57,2163,-0.4022,0.0086,-0.0278,0.684,0.2539,2.875,1.0327
250.0,2027-12-17,850,37.65,37.1,37.75,37.425,2,490,-0.393,0.0037,-0.0081,1.3556,0.2929,3.125,1.7368
230.0,2026-05-15,269,16.22,16.3,16.5,16.4,4,132,-0.3922,0.0076,-0.0232,0.7631,0.2539,2.875,1.2195
230.0,2026-06-18,303,17.12,17.2,17.4,17.3,342,3045,-0.3866,0.0072,-0.0211,0.8064,0.2539,2.875,1.1561
240.0,2027-06-17,667,29.35,29.4,29.95,29.675,10,135,-0.3842,0.0045,-0.0105,1.1932,0.2734,3.0,1.8534
227.5,2025-09-19,31,4.6,4.55,4.7,4.625,127,0,-0.3811,0.0238,-0.0844,0.2605,0.2344,2.8438,3.2432
230.0,2026-08-21,367,19.05,18.65,20.2,19.425,417,96,-0.3782,0.006,-0.0201,0.8814,0.2734,2.875,7.9794
230.0,2026-09-18,395,19.7,19.65,19.9,19.775,50,271,-0.3741,0.0058,-0.0188,0.9113,0.2734,2.875,1.2642
227.5,2025-09-05,17,3.13,3.25,3.35,3.3,505,0,-0.3713,0.029,-0.1261,0.1938,0.2539,2.8438,3.0303
225.0,2025-12-19,122,8.9,8.95,9.05,9.0,94,5190,-0.3639,0.011,-0.0409,0.5033,0.2539,2.8125,1.1111
225.0,2026-01-16,150,9.85,9.9,10.05,9.975,226,13807,-0.3633,0.01,-0.0357,0.5573,0.2539,2.8125,1.5038
225.0,2025-11-21,94,7.75,7.8,7.9,7.85,89,1512,-0.3627,0.0125,-0.0482,0.4418,0.2539,2.8125,1.2739
230.0,2026-12-18,486,21.92,21.65,22.05,21.85,1,2046,-0.362,0.0051,-0.0156,0.9997,0.2734,2.875,1.8307
225.0,2026-02-20,185,11.5,11.55,11.7,11.625,5,383,-0.3613,0.009,-0.0309,0.6174,0.2539,2.8125,1.2903
230.0,2027-01-15,514,22.35,22.2,22.55,22.375,63,1088,-0.3585,0.005,-0.0148,1.0246,0.2734,2.875,1.5642
227.5,2025-08-29,10,2.46,2.58,2.62,2.6,2287,1684,-0.3584,0.0341,-0.1759,0.1497,0.2734,2.8438,1.5385
225.0,2026-04-17,241,13.22,13.05,13.35,13.2,16,1,-0.3567,0.0078,-0.0255,0.7011,0.2539,2.8125,2.2727
225.0,2026-06-18,303,15.2,15.2,15.35,15.275,16,1853,-0.3546,0.0065,-0.0236,0.7842,0.2734,2.8125,0.982
225.0,2025-10-17,59,5.55,5.5,5.6,5.55,235,2771,-0.3467,0.0168,-0.0574,0.3455,0.2344,2.8125,1.8018
225.0,2026-09-18,395,17.6,17.6,17.85,17.725,39,571,-0.3453,0.0056,-0.019,0.8864,0.2734,2.8125,1.4104
225.0,2025-09-26,38,4.15,4.25,4.35,4.3,84,241,-0.3414,0.0192,-0.0803,0.277,0.2539,2.8125,2.3256
230.0,2027-06-17,667,25.1,24.85,25.2,25.025,4,460,-0.341,0.0043,-0.0112,1.1458,0.2734,2.875,1.3986
225.0,2025-09-19,31,3.7,3.75,3.85,3.8,926,11172,-0.3329,0.0209,-0.089,0.2485,0.2539,2.8125,2.6316
230.0,2027-12-17,850,27.59,27.25,28.0,27.625,8,507,-0.3235,0.0035,-0.0096,1.2664,0.2929,2.875,2.7149
220.0,2026-05-15,269,12.45,12.5,12.7,12.6,13,409,-0.323,0.0066,-0.0257,0.7129,0.2734,2.75,1.5873
220.0,2026-06-18,303,13.31,13.35,13.55,13.45,30,3476,-0.3217,0.0062,-0.0235,0.7552,0.2734,2.75,1.487
225.0,2025-09-12,24,3.1,3.2,3.3,3.25,704,1014,-0.3203,0.0233,-0.1006,0.2162,0.2539,2.8125,3.0769
220.0,2026-08-21,367,15.03,14.35,16.0,15.175,3,140,-0.3184,0.0056,-0.0202,0.8273,0.2734,2.75,10.8731
220.0,2026-04-17,241,11.38,11.3,11.55,11.425,20,0,-0.3171,0.0075,-0.0251,0.6697,0.2539,2.75,2.1882
220.0,2026-03-20,213,10.8,10.75,10.85,10.8,46,4323,-0.3169,0.0079,-0.0274,0.6297,0.2539,2.75,0.9259
220.0,2026-02-20,185,9.9,9.85,9.95,9.9,28,20799,-0.316,0.0085,-0.0302,0.5863,0.2539,2.75,1.0101
220.0,2026-01-16,150,8.2,8.25,8.4,8.325,414,16416,-0.3131,0.0094,-0.0347,0.5262,0.2539,2.75,1.8018
220.0,2026-12-18,486,17.88,17.7,18.05,17.875,27,6607,-0.3107,0.0048,-0.0159,0.9418,0.2734,2.75,1.958
220.0,2027-01-15,514,18.4,18.25,18.45,18.35,2,6786,-0.3088,0.0047,-0.0151,0.9659,0.2734,2.75,1.0899
220.0,2025-12-19,122,7.27,7.3,7.45,7.375,45,8582,-0.3084,0.0103,-0.0394,0.4718,0.2539,2.75,2.0339
225.0,2027-12-17,850,25.22,25.1,26.65,25.875,1,226,-0.306,0.0034,-0.0098,1.2368,0.2929,2.8125,5.9903
227.5,2025-08-22,3,1.43,1.41,1.44,1.425,10769,7491,-0.3039,0.0494,-0.301,0.0845,0.2929,2.8438,2.1053
225.0,2025-09-05,17,2.55,2.49,2.59,2.54,1064,3072,-0.3,0.0267,-0.1172,0.1783,0.2539,2.8125,3.937
220.0,2025-11-21,94,6.25,6.25,6.35,6.3,468,5084,-0.2999,0.0116,-0.0458,0.4095,0.2539,2.75,1.5873
215.0,2026-06-18,303,11.67,11.75,11.9,11.825,30,2174,-0.2894,0.0059,-0.0231,0.7206,0.2734,2.6875,1.2685
220.0,2027-12-17,850,23.44,23.1,23.7,23.4,2,553,-0.2886,0.0033,-0.01,1.2041,0.2929,2.75,2.5641
215.0,2026-09-18,395,14.15,14.05,14.2,14.125,1,537,-0.2885,0.0052,-0.0188,0.8212,0.2734,2.6875,1.0619
215.0,2026-04-17,241,9.79,9.7,9.95,9.825,20,0,-0.2875,0.0066,-0.0271,0.641,0.2734,2.6875,2.5445
215.0,2026-02-20,185,8.4,8.35,8.45,8.4,5,505,-0.2823,0.0075,-0.0322,0.557,0.2734,2.6875,1.1905
222.5,2025-09-19,31,3.1,3.05,3.15,3.1,529,0,-0.2808,0.0194,-0.0834,0.2304,0.2539,2.7812,3.2258
220.0,2025-10-17,59,4.1,4.1,4.15,4.125,597,12833,-0.2776,0.0141,-0.0583,0.3138,0.2539,2.75,1.2121
225.0,2025-08-29,10,1.87,1.87,1.89,1.88,3467,4060,-0.2757,0.0305,-0.1586,0.1339,0.2734,2.8125,1.0638
210.0,2027-01-15,514,14.85,14.85,15.0,14.925,11,7876,-0.2669,0.0041,-0.0165,0.9016,0.2929,2.625,1.005
215.0,2026-01-16,150,6.8,6.85,6.95,6.9,178,13285,-0.265,0.0087,-0.0328,0.4864,0.2539,2.6875,1.4493
210.0,2027-06-17,667,17.3,17.1,17.5,17.3,1,803,-0.2619,0.0036,-0.013,1.017,0.2929,2.625,2.3121
210.0,2026-09-18,395,12.55,12.5,12.65,12.575,68,1313,-0.261,0.0049,-0.0184,0.7816,0.2734,2.625,1.1928
210.0,2026-12-18,486,14.45,14.3,14.6,14.45,47,2143,-0.2607,0.0044,-0.0156,0.8663,0.2734,2.625,2.0761
210.0,2026-08-21,367,11.9,11.8,12.05,11.925,30,107,-0.2605,0.0051,-0.0195,0.7528,0.2734,2.625,2.0964
210.0,2026-06-18,303,10.3,10.3,10.4,10.35,20,6970,-0.258,0.0056,-0.0223,0.6808,0.2734,2.625,0.9662
215.0,2025-12-19,122,5.9,5.95,6.05,6.0,243,7696,-0.2558,0.0094,-0.0368,0.4311,0.2539,2.6875,1.6667
210.0,2026-05-15,269,9.55,9.45,9.6,9.525,1,1738,-0.2556,0.0059,-0.0242,0.6384,0.2734,2.625,1.5748
210.0,2027-12-17,850,19.6,18.6,20.0,19.3,5,845,-0.2542,0.0031,-0.0101,1.1302,0.2929,2.625,7.2539
215.0,2025-11-21,94,4.95,4.95,5.05,5.0,736,2497,-0.2541,0.01,-0.0467,0.3775,0.2734,2.6875,2.0
210.0,2026-04-17,241,8.48,8.35,8.55,8.45,275,0,-0.2526,0.0062,-0.026,0.6007,0.2734,2.625,2.3669
210.0,2026-03-20,213,7.85,7.85,7.95,7.9,101,4838,-0.2486,0.0066,-0.028,0.5601,0.2734,2.625,1.2658
220.0,2025-09-26,38,2.9,2.83,3.0,2.915,141,735,-0.2484,0.0165,-0.0706,0.239,0.2539,2.75,5.8319
210.0,2026-02-20,185,7.1,7.05,7.15,7.1,260,1650,-0.243,0.007,-0.0304,0.5159,0.2734,2.625,1.4085
222.5,2025-09-05,17,1.94,1.93,1.97,1.95,752,0,-0.235,0.0236,-0.1045,0.1576,0.2539,2.7812,2.0513
205.0,2026-09-18,395,11.14,11.05,11.2,11.125,149,671,-0.2342,0.0047,-0.0178,0.7377,0.2734,2.5625,1.3483
210.0,2026-01-16,150,5.6,5.65,5.75,5.7,78,37220,-0.233,0.0075,-0.034,0.4542,0.2734,2.625,1.7544
220.0,2025-09-19,31,2.52,2.5,2.54,2.52,1796,15313,-0.2325,0.0176,-0.0762,0.2088,0.2539,2.75,1.5873
205.0,2026-06-18,303,8.9,8.95,9.1,9.025,36,3778,-0.2278,0.0052,-0.0214,0.6365,0.2734,2.5625,1.662
200.0,2027-06-17,667,14.25,14.1,14.35,14.225,13,3719,-0.2235,0.0033,-0.0126,0.9332,0.2929,2.5,1.7575
200.0,2027-01-15,514,11.95,11.9,12.1,12.0,101,14940,-0.2229,0.0037,-0.0157,0.8182,0.2929,2.5,1.6667
200.0,2026-12-18,486,11.6,11.45,11.7,11.575,44,8287,-0.2223,0.0038,-0.0164,0.7944,0.2929,2.5,2.1598
210.0,2025-12-19,122,4.83,4.85,4.95,4.9,496,5524,-0.221,0.0081,-0.0376,0.3979,0.2734,2.625,2.0408
200.0,2027-12-17,850,16.35,16.2,17.25,16.725,6,3519,-0.2205,0.0029,-0.01,1.0453,0.2929,2.5,6.278
205.0,2026-04-17,241,7.32,7.15,7.35,7.25,1,0,-0.2193,0.0058,-0.0245,0.5557,0.2734,2.5625,2.7586
200.0,2026-09-18,395,9.85,9.8,9.9,9.85,47,1974,-0.2185,0.0042,-0.019,0.7093,0.2929,2.5,1.0152
200.0,2026-08-21,367,9.3,8.8,9.6,9.2,4,520,-0.2166,0.0043,-0.02,0.6803,0.2929,2.5,8.6957
220.0,2025-09-12,24,2.0,2.0,2.08,2.04,953,1662,-0.2104,0.0188,-0.0826,0.1744,0.2539,2.75,3.9216
200.0,2026-06-18,303,7.73,7.8,7.9,7.85,86,6414,-0.2102,0.0047,-0.0225,0.6076,0.2929,2.5,1.2739
215.0,2025-10-17,59,2.99,3.0,3.1,3.05,242,5845,-0.208,0.0121,-0.0507,0.2683,0.2539,2.6875,3.2787
205.0,2026-02-20,185,6.0,5.95,6.05,6.0,11,3406,-0.2061,0.0063,-0.0282,0.4698,0.2734,2.5625,1.6667
225.0,2025-08-22,3,0.87,0.85,0.88,0.865,10360,10975,-0.2058,0.0377,-0.2631,0.0688,0.3124,2.8125,3.4682
200.0,2026-05-15,269,7.0,7.05,7.2,7.125,7,594,-0.2052,0.0049,-0.0241,0.5646,0.2929,2.5,2.1053
195.0,2027-06-17,667,12.95,12.75,13.0,12.875,1,507,-0.2048,0.0031,-0.0123,0.8871,0.2929,2.4375,1.9417
217.5,2025-09-19,31,1.98,2.04,2.08,2.06,463,0,-0.2046,0.0152,-0.077,0.194,0.2734,2.7188,1.9417
195.0,2027-12-17,850,15.1,14.8,15.25,15.025,1,1611,-0.2041,0.0027,-0.0098,0.9991,0.2929,2.4375,2.995
210.0,2025-11-21,94,3.9,3.9,4.0,3.95,304,3040,-0.2032,0.0088,-0.0419,0.3329,0.2734,2.625,2.5316
222.5,2025-08-29,10,1.3,1.33,1.36,1.345,832,2377,-0.203,0.0258,-0.135,0.1132,0.2734,2.7812,2.2305
195.0,2026-12-18,486,10.2,10.25,10.4,10.325,19,1723,-0.2007,0.0036,-0.0158,0.7482,0.2929,2.4375,1.4528
195.0,2026-09-18,395,8.5,8.6,8.75,8.675,22,883,-0.1948,0.0039,-0.0181,0.6627,0.2929,2.4375,1.7291
220.0,2025-09-05,17,1.47,1.47,1.5,1.485,549,2519,-0.1946,0.0196,-0.1017,0.1412,0.2734,2.75,2.0202
205.0,2026-01-16,150,4.75,4.65,4.75,4.7,29,14119,-0.1932,0.0068,-0.031,0.4072,0.2734,2.5625,2.1277
200.0,2026-04-17,241,6.25,6.1,6.3,6.2,7,2,-0.188,0.0052,-0.0228,0.5068,0.2734,2.5,3.2258
190.0,2027-06-17,667,11.65,11.45,11.65,11.55,5,729,-0.1867,0.0029,-0.0119,0.8386,0.2929,2.375,1.7316
215.0,2025-09-26,38,1.94,1.99,2.15,2.07,152,566,-0.1856,0.013,-0.0654,0.2018,0.2734,2.6875,7.7295
200.0,2026-02-20,185,5.0,4.95,5.05,5.0,98,2711,-0.1849,0.0055,-0.0289,0.4398,0.2929,2.5,2.0
195.0,2026-06-18,303,6.8,6.75,6.85,6.8,23,6640,-0.1839,0.0043,-0.0211,0.5604,0.2929,2.4375,1.4706
190.0,2027-01-15,514,9.35,9.4,9.6,9.5,1,6451,-0.1815,0.0033,-0.0145,0.7234,0.2929,2.375,2.1053
200.0,2026-03-20,213,5.62,5.65,5.75,5.7,357,6536,-0.1809,0.0054,-0.0242,0.4653,0.2734,2.5,1.7544
190.0,2026-12-18,486,9.05,9.1,9.25,9.175,35,2788,-0.1798,0.0034,-0.015,0.6994,0.2929,2.375,1.6349
205.0,2025-12-19,122,3.89,3.95,4.0,3.975,93,6088,-0.1786,0.0071,-0.0336,0.35,0.2734,2.5625,1.2579
195.0,2026-05-15,269,6.03,6.05,6.2,6.125,11,320,-0.1778,0.0045,-0.0224,0.5171,0.2929,2.4375,2.449
185.0,2027-12-17,850,12.35,12.2,12.5,12.35,2,562,-0.1724,0.0025,-0.0094,0.9001,0.2929,2.3125,2.4291
190.0,2026-09-18,395,7.5,7.55,7.65,7.6,1,1261,-0.1722,0.0036,-0.0171,0.6137,0.2929,2.375,1.3158
205.0,2025-11-21,94,3.1,3.1,3.2,3.15,103,2743,-0.1721,0.0074,-0.0412,0.3004,0.2929,2.5625,3.1746
195.0,2026-04-17,241,5.28,5.1,5.4,5.25,202,0,-0.1716,0.0046,-0.0236,0.4786,0.2929,2.4375,5.7143
185.0,2027-06-17,667,10.4,10.3,10.5,10.4,1,323,-0.1692,0.0028,-0.0114,0.7881,0.2929,2.3125,1.9231
215.0,2025-09-19,31,1.61,1.66,1.69,1.675,699,14281,-0.1665,0.0134,-0.0682,0.1707,0.2734,2.6875,1.791
180.0,2027-12-17,850,11.15,11.0,12.0,11.5,3,881,-0.1655,0.0023,-0.0101,0.8769,0.3124,2.25,8.6957
210.0,2025-10-17,59,2.19,2.23,2.27,2.25,1331,8680,-0.1648,0.0097,-0.0481,0.2321,0.2734,2.625,1.7778
195.0,2026-03-20,213,4.8,4.8,4.85,4.825,267,7081,-0.1639,0.0048,-0.0248,0.437,0.2929,2.4375,1.0363
185.0,2027-01-15,514,8.42,8.35,8.55,8.45,3,3139,-0.162,0.0031,-0.0137,0.6726,0.2929,2.3125,2.3669
190.0,2026-06-18,303,5.8,5.8,5.9,5.85,33,9292,-0.1592,0.0039,-0.0196,0.511,0.2929,2.375,1.7094
220.0,2025-08-29,10,0.95,0.95,0.98,0.965,1998,7272,-0.1584,0.0206,-0.1245,0.0969,0.2929,2.75,3.1088
200.0,2026-01-16,150,3.8,3.8,3.9,3.85,875,42057,-0.1571,0.0059,-0.0276,0.357,0.2734,2.5,2.5974
200.0,2025-12-19,122,3.15,3.2,3.25,3.225,142,19139,-0.1549,0.0061,-0.0334,0.3193,0.2929,2.5,1.5504
195.0,2026-02-20,185,4.15,4.15,4.25,4.2,14,1457,-0.1543,0.0049,-0.0261,0.3916,0.2929,2.4375,2.381
180.0,2027-06-17,667,9.4,9.2,9.4,9.3,12,2200,-0.1523,0.0026,-0.0109,0.7358,0.2929,2.25,2.1505
190.0,2026-05-15,269,5.35,5.2,5.3,5.25,1,1275,-0.1523,0.004,-0.0206,0.4676,0.2929,2.375,1.9048
217.5,2025-09-05,17,1.09,1.13,1.15,1.14,415,0,-0.147,0.0164,-0.0854,0.1179,0.2734,2.7188,1.7544
175.0,2027-06-17,667,8.25,8.2,8.4,8.3,4,1181,-0.1458,0.0023,-0.0116,0.7146,0.3124,2.1875,2.4096
190.0,2026-04-17,241,4.4,4.45,4.6,4.525,1,5,-0.1453,0.0041,-0.0214,0.4291,0.2929,2.375,3.3149
180.0,2027-01-15,514,7.5,7.4,7.55,7.475,12,8388,-0.1434,0.0028,-0.0129,0.6204,0.2929,2.25,2.0067
175.0,2027-12-17,850,10.06,9.9,10.25,10.075,7,1010,-0.1425,0.0022,-0.0087,0.7943,0.2929,2.1875,3.4739
215.0,2025-09-12,24,1.25,1.28,1.32,1.3,423,1245,-0.1415,0.0136,-0.07,0.1355,0.2734,2.6875,3.0769
180.0,2026-12-18,486,7.1,7.05,7.25,7.15,1,3576,-0.141,0.0029,-0.0133,0.5965,0.2929,2.25,2.7972
195.0,2026-01-16,150,3.2,3.15,3.25,3.2,382,19735,-0.1387,0.0051,-0.0277,0.3285,0.2929,2.4375,3.125
170.0,2027-12-17,850,9.1,8.9,9.25,9.075,14,982,-0.1374,0.002,-0.0093,0.7749,0.3124,2.125,3.8567
190.0,2026-03-20,213,4.01,4.05,4.1,4.075,59,9423,-0.1369,0.0042,-0.0223,0.3875,0.2929,2.375,1.227
222.5,2025-08-22,3,0.53,0.52,0.54,0.53,6776,56327,-0.1365,0.0273,-0.2156,0.0529,0.3319,2.7812,3.7736
175.0,2027-01-15,514,6.6,6.5,6.7,6.6,12,2695,-0.1363,0.0026,-0.0136,0.5995,0.3124,2.1875,3.0303
185.0,2026-06-18,303,5.05,5.0,5.1,5.05,258,5873,-0.1362,0.0035,-0.0179,0.4603,0.2929,2.3125,1.9802
175.0,2026-12-18,486,6.25,6.25,6.4,6.325,2,1691,-0.1338,0.0026,-0.014,0.5756,0.3124,2.1875,2.3715
200.0,2025-11-21,94,2.47,2.47,2.51,2.49,268,4811,-0.1332,0.0062,-0.0351,0.2534,0.2929,2.5,1.6064
212.5,2025-09-19,31,1.36,1.36,1.39,1.375,66,0,-0.1329,0.0115,-0.059,0.1469,0.2734,2.6562,2.1818
180.0,2026-09-18,395,5.7,5.75,5.85,5.8,11,1169,-0.1308,0.003,-0.0147,0.5109,0.2929,2.25,1.7241
170.0,2027-06-17,667,7.35,7.3,7.5,7.4,3,1434,-0.1307,0.0022,-0.011,0.6632,0.3124,2.125,2.7027
190.0,2026-02-20,185,3.48,3.45,3.55,3.5,1,1293,-0.1267,0.0043,-0.0231,0.3425,0.2929,2.375,2.8571
180.0,2026-06-18,303,4.25,4.3,4.4,4.35,203,5607,-0.1267,0.0032,-0.0185,0.4378,0.3124,2.25,2.2989
210.0,2025-09-26,38,1.34,1.36,1.53,1.445,125,527,-0.1235,0.0099,-0.0505,0.1541,0.2734,2.625,11.7647
175.0,2026-09-18,395,4.95,5.0,5.1,5.05,13,1656,-0.1233,0.0027,-0.0153,0.4903,0.3124,2.1875,1.9802
215.0,2025-09-05,17,0.83,0.87,0.89,0.88,134,1473,-0.1227,0.0135,-0.0813,0.1042,0.2929,2.6875,2.2727
195.0,2025-12-19,122,2.61,2.59,2.63,2.61,301,20404,-0.1221,0.0052,-0.0287,0.2715,0.2929,2.4375,1.5326
185.0,2026-04-17,241,3.85,3.75,4.25,4.0,10,0,-0.1213,0.0037,-0.0192,0.3789,0.2929,2.3125,12.5
170.0,2027-01-15,514,5.85,5.7,5.9,5.8,1000,8457,-0.12,0.0023,-0.0126,0.5486,0.3124,2.125,3.4483
175.0,2026-08-21,367,4.65,4.6,4.75,4.675,8,18,-0.1191,0.0028,-0.0157,0.4613,0.3124,2.1875,3.2086
180.0,2026-05-15,269,3.8,3.75,3.85,3.8,4,573,-0.119,0.0032,-0.0191,0.3948,0.3124,2.25,2.6316
210.0,2025-09-19,31,1.13,1.13,1.14,1.135,1634,16209,-0.1189,0.0099,-0.0588,0.1359,0.2929,2.625,0.8811
170.0,2026-12-18,486,5.45,5.5,5.6,5.55,13,2107,-0.1172,0.0024,-0.013,0.5248,0.3124,2.125,1.8018
205.0,2025-10-17,59,1.62,1.65,1.68,1.665,336,11775,-0.1165,0.0077,-0.0384,0.1834,0.2734,2.5625,1.8018
185.0,2026-02-20,185,2.91,2.89,2.96,2.925,217,2059,-0.1143,0.0038,-0.0232,0.3185,0.3124,2.3125,2.3932
195.0,2025-11-21,94,1.94,1.96,1.99,1.975,724,4535,-0.1131,0.0052,-0.0338,0.2259,0.3124,2.4375,1.519
185.0,2026-03-20,213,3.45,3.4,3.45,3.425,60,2825,-0.1125,0.0037,-0.0197,0.3378,0.2929,2.3125,1.4599
180.0,2026-04-17,241,3.2,3.2,3.35,3.275,2,4,-0.1115,0.0032,-0.0196,0.3569,0.3124,2.25,4.5802
160.0,2027-12-17,850,7.28,7.1,7.45,7.275,3,1136,-0.1114,0.0017,-0.0084,0.6691,0.3124,2.0,4.811
190.0,2026-01-16,150,2.6,2.58,2.64,2.61,271,18700,-0.1105,0.0043,-0.0238,0.2802,0.2929,2.375,2.2989
217.5,2025-08-29,10,0.67,0.68,0.7,0.69,1475,1374,-0.1101,0.016,-0.0973,0.0754,0.2929,2.7188,2.8986
175.0,2026-06-18,303,3.68,3.65,3.75,3.7,51,5974,-0.1073,0.0028,-0.0166,0.3892,0.3124,2.1875,2.7027
190.0,2025-12-19,122,2.08,2.11,2.14,2.125,206,14030,-0.1064,0.0044,-0.0281,0.2461,0.3124,2.375,1.4118
180.0,2026-03-20,213,2.89,2.86,2.9,2.88,19,7249,-0.1027,0.0032,-0.0199,0.3163,0.3124,2.25,1.3889
160.0,2027-06-17,667,5.7,5.75,5.9,5.825,9,1156,-0.1026,0.0018,-0.0096,0.5587,0.3124,2.0,2.5751
165.0,2026-12-18,486,4.85,4.8,4.9,4.85,2,1123,-0.1018,0.0021,-0.0119,0.4741,0.3124,2.0625,2.0619
170.0,2026-08-21,367,4.05,3.95,4.1,4.025,42,60,-0.1017,0.0024,-0.0142,0.4119,0.3124,2.125,3.7267
155.0,2027-12-17,850,6.5,6.4,6.65,6.525,1,296,-0.0993,0.0016,-0.0078,0.6156,0.3124,1.9375,3.8314
185.0,2026-01-16,150,2.12,2.12,2.16,2.14,5883,13716,-0.0981,0.0037,-0.0236,0.257,0.3124,2.3125,1.8692
210.0,2025-09-12,24,0.81,0.83,0.86,0.845,940,1515,-0.0944,0.0095,-0.0569,0.1017,0.2929,2.625,3.5503
207.5,2025-09-19,31,0.91,0.93,0.95,0.94,310,0,-0.0936,0.0084,-0.0497,0.1143,0.2929,2.5938,2.1277
180.0,2026-02-20,185,2.4,2.43,2.47,2.45,3,5596,-0.0923,0.0032,-0.0201,0.2727,0.3124,2.25,1.6327
200.0,2025-10-17,59,1.2,1.24,1.26,1.25,2330,25056,-0.092,0.006,-0.035,0.1545,0.2929,2.5,1.6
175.0,2026-04-17,241,2.77,2.7,3.0,2.85,1,2,-0.0918,0.0028,-0.0172,0.3099,0.3124,2.1875,10.5263
205.0,2025-09-26,38,0.95,0.95,0.99,0.97,203,290,-0.0904,0.0074,-0.0436,0.123,0.2929,2.5625,4.1237
212.5,2025-09-05,17,0.65,0.67,0.69,0.68,24,0,-0.0899,0.0108,-0.0652,0.0832,0.2929,2.6562,2.9412
155.0,2027-06-17,667,5.15,5.05,5.25,5.15,9,96,-0.0898,0.0017,-0.0088,0.5066,0.3124,1.9375,3.8835
170.0,2026-06-18,303,3.15,3.15,3.2,3.175,409,7089,-0.0897,0.0025,-0.0147,0.3413,0.3124,2.125,1.5748
220.0,2025-08-22,3,0.33,0.32,0.34,0.33,6397,10542,-0.0894,0.019,-0.1691,0.0391,0.3515,2.75,6.0606
215.0,2025-08-29,10,0.49,0.5,0.52,0.51,2411,11903,-0.086,0.0125,-0.0869,0.0629,0.3124,2.6875,3.9216
205.0,2025-09-19,31,0.76,0.78,0.8,0.79,439,16856,-0.0849,0.0073,-0.0494,0.1063,0.3124,2.5625,2.5316
190.0,2025-11-21,94,1.56,1.55,1.58,1.565,372,7674,-0.0848,0.0042,-0.0276,0.183,0.3124,2.375,1.9169
175.0,2026-03-20,213,2.4,2.4,2.44,2.42,35,9030,-0.0831,0.0028,-0.0172,0.2706,0.3124,2.1875,1.6529
185.0,2025-12-19,122,1.72,1.71,1.74,1.725,28,7003,-0.0818,0.0036,-0.0233,0.2027,0.3124,2.3125,1.7391
160.0,2026-08-21,367,3.0,2.93,3.05,2.99,16,1,-0.081,0.002,-0.0131,0.3481,0.3319,2.0,4.0134
155.0,2027-01-15,514,3.85,3.8,3.95,3.875,1,312,-0.0772,0.0017,-0.0095,0.397,0.3124,1.9375,3.871
145.0,2027-12-17,850,5.2,5.05,5.3,5.175,2,146,-0.077,0.0013,-0.0067,0.5093,0.3124,1.8125,4.8309
180.0,2026-01-16,150,1.72,1.73,1.77,1.75,7209,48022,-0.0766,0.0031,-0.0198,0.2135,0.3124,2.25,2.2857
170.0,2026-03-20,213,2.0,2.02,2.05,2.035,23,9303,-0.0762,0.0024,-0.0173,0.2532,0.3319,2.125,1.4742
165.0,2026-05-15,269,2.32,2.31,2.36,2.335,1,271,-0.0761,0.0022,-0.0151,0.2842,0.3319,2.0625,2.1413
210.0,2025-09-05,17,0.52,0.53,0.55,0.54,153,1253,-0.076,0.0089,-0.0615,0.0733,0.3124,2.625,3.7037
160.0,2026-09-18,395,3.3,3.2,3.3,3.25,20,3229,-0.0758,0.0019,-0.0111,0.3431,0.3124,2.0,3.0769
145.0,2027-06-17,667,4.0,3.85,4.05,3.95,1,151,-0.0754,0.0014,-0.0085,0.4438,0.3319,1.8125,5.0633
165.0,2026-06-18,303,2.7,2.67,2.73,2.7,22,5632,-0.0739,0.0021,-0.0128,0.2949,0.3124,2.0625,2.2222
175.0,2026-02-20,185,2.01,2.03,2.07,2.05,57,1661,-0.0731,0.0027,-0.017,0.2288,0.3124,2.1875,1.9512
195.0,2025-10-17,59,0.95,0.94,0.96,0.95,76,8121,-0.0731,0.0048,-0.0317,0.1299,0.3124,2.4375,2.1053
185.0,2025-11-21,94,1.23,1.23,1.25,1.24,69,9906,-0.0722,0.0035,-0.0262,0.1619,0.3319,2.3125,1.6129
155.0,2026-09-18,395,2.79,2.78,2.83,2.805,10,881,-0.072,0.0017,-0.0115,0.3298,0.3319,1.9375,1.7825
180.0,2025-12-19,122,1.39,1.39,1.41,1.4,18,11693,-0.0716,0.0031,-0.0226,0.1831,0.3319,2.25,1.4286
160.0,2026-06-18,303,2.3,2.28,2.31,2.295,51,11069,-0.0693,0.0019,-0.0131,0.2807,0.3319,2.0,1.3072
175.0,2026-01-16,150,1.42,1.42,1.45,1.435,4096,16726,-0.0683,0.0027,-0.0194,0.1956,0.3319,2.1875,2.0906
212.5,2025-08-29,10,0.37,0.37,0.39,0.38,758,434,-0.0679,0.0098,-0.0774,0.0526,0.3319,2.6562,5.2632
200.0,2025-09-26,38,0.69,0.69,0.71,0.7,72,1298,-0.0665,0.0055,-0.0371,0.0974,0.3124,2.5,2.8571
170.0,2026-02-20,185,1.68,1.69,1.72,1.705,617,1699,-0.0664,0.0024,-0.0169,0.2123,0.3319,2.125,1.7595
135.0,2027-12-17,850,4.1,4.0,4.3,4.15,2,193,-0.0653,0.0011,-0.0065,0.4488,0.3319,1.6875,7.2289
205.0,2025-09-12,24,0.56,0.57,0.59,0.58,67,555,-0.0628,0.0065,-0.0448,0.0746,0.3124,2.5625,3.4483
145.0,2027-01-15,514,2.93,2.89,2.96,2.925,3,4052,-0.0628,0.0014,-0.0088,0.3384,0.3319,1.8125,2.3932
165.0,2026-03-20,213,1.73,1.69,1.71,1.7,18,4334,-0.0607,0.002,-0.0146,0.2125,0.3319,2.0625,1.1765
200.0,2025-09-19,31,0.57,0.57,0.58,0.575,735,38056,-0.0607,0.0053,-0.0409,0.0822,0.3319,2.5,1.7391
190.0,2025-10-17,59,0.71,0.72,0.74,0.73,973,15283,-0.0584,0.0038,-0.0285,0.1092,0.3319,2.375,2.7397
217.5,2025-08-22,3,0.21,0.21,0.22,0.215,4922,3010,-0.0582,0.013,-0.1288,0.0281,0.371,2.7188,4.6512
130.0,2027-12-17,850,3.6,2.8,3.8,3.3,3,202,-0.0564,0.001,-0.0058,0.4,0.3319,1.625,30.303
155.0,2026-06-18,303,1.93,1.93,1.96,1.945,11,3258,-0.0564,0.0016,-0.0113,0.239,0.3319,1.9375,1.5424
135.0,2027-06-17,667,3.05,3.0,3.1,3.05,1,442,-0.0552,0.0011,-0.0068,0.3486,0.3319,1.6875,3.2787
160.0,2026-04-17,241,1.65,1.52,1.89,1.705,1,9,-0.055,0.0018,-0.0126,0.2091,0.3319,2.0,21.7009
207.5,2025-09-05,17,0.43,0.42,0.44,0.43,23,0,-0.0543,0.0069,-0.0474,0.0564,0.3124,2.5938,4.6512
210.0,2025-08-29,10,0.27,0.28,0.29,0.285,761,5195,-0.0541,0.0078,-0.0688,0.044,0.3515,2.625,3.5088
175.0,2025-12-19,122,1.12,1.13,1.15,1.14,45,12123,-0.0537,0.0024,-0.0181,0.1462,0.3319,2.1875,1.7544
180.0,2025-11-21,94,0.99,0.98,1.0,0.99,412,14204,-0.0525,0.0027,-0.0205,0.1262,0.3319,2.25,2.0202
170.0,2026-01-16,150,1.17,1.16,1.19,1.175,146,25678,-0.0521,0.0022,-0.0158,0.1583,0.3319,2.125,2.5532
165.0,2026-02-20,185,1.4,1.4,1.43,1.415,30,543,-0.0516,0.0019,-0.014,0.1743,0.3319,2.0625,2.1201
200.0,2025-09-12,24,0.4,0.41,0.43,0.42,601,1959,-0.0505,0.0049,-0.0427,0.0628,0.3515,2.5,4.7619
140.0,2026-12-18,486,2.35,2.36,2.41,2.385,1,1281,-0.0498,0.0012,-0.0077,0.274,0.3319,1.75,2.0964
155.0,2026-05-15,269,1.61,1.63,1.68,1.655,1,184,-0.0494,0.0016,-0.0109,0.2028,0.3319,1.9375,3.0211
195.0,2025-09-26,38,0.53,0.51,0.54,0.525,49,373,-0.0491,0.0041,-0.0312,0.0767,0.3319,2.4375,5.7143
145.0,2026-09-18,395,2.04,2.04,2.08,2.06,2,588,-0.049,0.0013,-0.0087,0.2442,0.3319,1.8125,1.9417
125.0,2027-12-17,850,3.15,3.1,3.25,3.175,10,545,-0.0481,0.0008,-0.0052,0.3527,0.3319,1.5625,4.7244
135.0,2026-12-18,486,2.04,2.02,2.08,2.05,2,1521,-0.0477,0.0011,-0.008,0.265,0.3515,1.6875,2.9268
160.0,2026-03-20,213,1.43,1.41,1.43,1.42,40,5284,-0.0475,0.0017,-0.0121,0.1749,0.3319,2.0,1.4085
170.0,2025-12-19,122,0.94,0.92,0.94,0.93,2436,16749,-0.0471,0.0021,-0.0174,0.1317,0.3515,2.125,2.1505
160.0,2026-02-20,185,1.17,1.17,1.19,1.18,7,2593,-0.0469,0.0017,-0.0138,0.1616,0.3515,2.0,1.6949
205.0,2025-09-05,17,0.34,0.35,0.36,0.355,192,2367,-0.0466,0.0057,-0.0447,0.0499,0.3319,2.5625,2.8169
150.0,2026-05-15,269,1.37,1.38,1.42,1.4,51,311,-0.0461,0.0014,-0.0111,0.1919,0.3515,1.875,2.8571
150.0,2026-06-18,303,1.63,1.63,1.66,1.645,243,9859,-0.0451,0.0014,-0.0095,0.2001,0.3319,1.875,1.8237
175.0,2025-11-21,94,0.82,0.79,0.81,0.8,12,2780,-0.0447,0.0023,-0.0192,0.1111,0.3515,2.1875,2.5
155.0,2026-03-20,213,1.22,1.18,1.2,1.19,13,3025,-0.0437,0.0015,-0.0121,0.1635,0.3515,1.9375,1.6807
195.0,2025-09-19,31,0.42,0.43,0.44,0.435,1305,27934,-0.0434,0.0038,-0.0334,0.063,0.3515,2.4375,2.2989
130.0,2026-12-18,486,1.76,1.74,1.79,1.765,1,1068,-0.0392,0.0009,-0.0069,0.226,0.3515,1.625,2.8329
165.0,2026-01-16,150,1.0,0.95,0.97,0.96,77,14040,-0.0388,0.0017,-0.0126,0.1249,0.3319,2.0625,2.0833
185.0,2025-10-17,59,0.57,0.57,0.58,0.575,833,7258,-0.0386,0.0027,-0.0206,0.0784,0.3319,2.3125,1.7391
170.0,2025-11-21,94,0.65,0.64,0.65,0.645,506,5428,-0.0382,0.0019,-0.018,0.0978,0.371,2.125,1.5504
215.0,2025-08-22,3,0.15,0.14,0.15,0.145,5521,15758,-0.0378,0.0087,-0.0961,0.0199,0.3905,2.6875,6.8966
190.0,2025-09-26,38,0.4,0.38,0.41,0.395,41,64,-0.0364,0.003,-0.0261,0.0602,0.3515,2.375,7.5949
145.0,2026-05-15,269,1.18,1.15,1.19,1.17,1,197,-0.0362,0.0011,-0.0092,0.1579,0.3515,1.8125,3.4188
155.0,2026-02-20,185,0.98,0.97,1.0,0.985,6,383,-0.0358,0.0014,-0.0112,0.1297,0.3515,1.9375,3.0457
207.5,2025-08-29,10,0.22,0.22,0.23,0.225,148,125,-0.0357,0.0056,-0.0493,0.0315,0.3515,2.5938,4.4444
200.0,2025-09-05,17,0.24,0.24,0.25,0.245,92,3315,-0.0351,0.0041,-0.0399,0.0397,0.371,2.5,4.0816
160.0,2026-01-16,150,0.8,0.78,0.8,0.79,2,16112,-0.0348,0.0015,-0.0122,0.1142,0.3515,2.0,2.5316
195.0,2025-09-12,24,0.31,0.3,0.32,0.31,13,361,-0.0344,0.0034,-0.0332,0.0461,0.371,2.4375,6.4516
165.0,2025-12-19,122,0.76,0.75,0.77,0.76,204,12916,-0.0344,0.0016,-0.0136,0.102,0.3515,2.0625,2.6316
115.0,2027-12-17,850,2.38,1.44,2.82,2.13,2,864,-0.0338,0.0006,-0.004,0.2647,0.3319,1.4375,64.7887
140.0,2026-05-15,269,0.98,0.96,1.01,0.985,11,54,-0.0338,0.001,-0.0092,0.149,0.371,1.75,5.0761
150.0,2026-03-20,213,1.01,0.98,1.0,0.99,1,1814,-0.0335,0.0012,-0.0098,0.1318,0.3515,1.875,2.0202
140.0,2026-06-18,303,1.15,1.15,1.18,1.165,4,3612,-0.0334,0.001,-0.008,0.1568,0.3515,1.75,2.5751
125.0,2026-12-18,486,1.52,1.49,1.54,1.515,3,3226,-0.0317,0.0008,-0.0058,0.1898,0.3515,1.5625,3.3003
135.0,2026-06-18,303,0.97,0.96,0.99,0.975,54,1544,-0.0314,0.0009,-0.0081,0.1488,0.371,1.6875,3.0769
190.0,2025-09-19,31,0.34,0.33,0.35,0.34,1006,17408,-0.0312,0.0028,-0.0269,0.048,0.371,2.375,5.8824
180.0,2025-10-17,59,0.44,0.45,0.46,0.455,99,7084,-0.0308,0.0021,-0.0182,0.0652,0.3515,2.25,2.1978
145.0,2026-04-17,241,0.94,0.89,0.99,0.94,1,8,-0.0308,0.001,-0.0086,0.1308,0.3515,1.8125,10.6383
160.0,2025-12-19,122,0.62,0.62,0.63,0.625,94,6957,-0.0302,0.0014,-0.0129,0.0916,0.371,2.0,1.6
212.5,2025-08-22,3,0.11,0.1,0.11,0.105,1463,3907,-0.0301,0.0066,-0.0878,0.0165,0.4295,2.6562,9.5238
205.0,2025-08-29,10,0.18,0.17,0.18,0.175,368,5598,-0.0288,0.0044,-0.0436,0.0263,0.371,2.5625,5.7143
140.0,2026-04-17,241,0.76,0.73,0.84,0.785,8,0,-0.0286,0.0009,-0.0085,0.1228,0.371,1.75,14.0127
185.0,2025-09-19,31,0.26,0.26,0.27,0.265,115,15700,-0.0276,0.0023,-0.027,0.0434,0.41,2.3125,3.7736
185.0,2025-09-26,38,0.3,0.3,0.34,0.32,160,117,-0.027,0.0022,-0.0216,0.0471,0.371,2.3125,12.5
165.0,2025-11-21,94,0.53,0.52,0.54,0.53,425,4166,-0.0268,0.0014,-0.0135,0.073,0.371,2.0625,3.7736
175.0,2025-10-17,59,0.36,0.36,0.37,0.365,173,5300,-0.0247,0.0017,-0.016,0.0542,0.371,2.1875,2.7397
130.0,2026-06-18,303,0.81,0.81,0.83,0.82,197,1608,-0.0243,0.0007,-0.0066,0.1202,0.371,1.625,2.439
115.0,2026-12-18,486,1.08,1.08,1.12,1.1,1,1371,-0.0241,0.0006,-0.005,0.1511,0.371,1.4375,3.6364
190.0,2025-09-12,24,0.22,0.23,0.24,0.235,12,526,-0.0234,0.0024,-0.0255,0.0334,0.3905,2.375,4.2553
202.5,2025-08-29,10,0.15,0.14,0.15,0.145,56,326,-0.0234,0.0035,-0.0386,0.0221,0.3905,2.5312,6.8966
140.0,2026-03-20,213,0.7,0.68,0.7,0.69,2,1814,-0.0232,0.0008,-0.0077,0.0968,0.371,1.75,2.8986
160.0,2025-11-21,94,0.45,0.42,0.44,0.43,3,1368,-0.0229,0.0012,-0.0125,0.0639,0.3905,2.0,4.6512
125.0,2026-06-18,303,0.7,0.68,0.7,0.69,17,1440,-0.0227,0.0006,-0.0066,0.1135,0.3905,1.5625,2.8986
150.0,2026-01-16,150,0.53,0.53,0.55,0.54,191,62298,-0.0226,0.001,-0.0091,0.0799,0.371,1.875,3.7037
140.0,2026-02-20,185,0.56,0.56,0.58,0.57,3,340,-0.022,0.0008,-0.0084,0.0866,0.3905,1.75,3.5088
195.0,2025-09-05,17,0.17,0.17,0.18,0.175,95,1290,-0.0219,0.0026,-0.0284,0.0268,0.3905,2.4375,5.7143
135.0,2026-04-17,241,0.67,0.6,0.7,0.65,10,0,-0.0216,0.0007,-0.0068,0.097,0.371,1.6875,15.3846
135.0,2026-03-20,213,0.59,0.57,0.59,0.58,10,436,-0.0212,0.0007,-0.0076,0.09,0.3905,1.6875,3.4483
145.0,2026-01-16,150,0.45,0.44,0.46,0.45,5,4109,-0.0202,0.0008,-0.0088,0.0726,0.3905,1.8125,4.4444
180.0,2025-09-26,38,0.25,0.24,0.27,0.255,58,68,-0.0202,0.0016,-0.0178,0.0368,0.3905,2.25,11.7647
210.0,2025-08-22,3,0.08,0.08,0.09,0.085,3561,5720,-0.0201,0.0045,-0.0655,0.0118,0.449,2.625,11.7647
180.0,2025-09-19,31,0.22,0.21,0.22,0.215,946,23642,-0.0201,0.0017,-0.0217,0.0333,0.4295,2.25,4.6512
185.0,2025-09-12,24,0.18,0.17,0.19,0.18,15,536,-0.02,0.0019,-0.0246,0.0292,0.4295,2.3125,11.1111
130.0,2026-04-17,241,0.56,0.5,0.61,0.555,6,5,-0.0199,0.0007,-0.0067,0.0906,0.3905,1.625,19.8198
170.0,2025-10-17,59,0.3,0.29,0.31,0.3,93,6498,-0.0198,0.0013,-0.014,0.0449,0.3905,2.125,6.6667
155.0,2025-11-21,94,0.36,0.35,0.36,0.355,17,1098,-0.0195,0.001,-0.0115,0.0559,0.41,1.9375,2.8169
200.0,2025-08-29,10,0.12,0.12,0.13,0.125,628,8359,-0.0191,0.0028,-0.0343,0.0187,0.41,2.5,8.0
175.0,2025-09-26,38,0.22,0.19,0.26,0.225,96,66,-0.0189,0.0014,-0.0186,0.0348,0.4295,2.1875,31.1111
150.0,2025-12-19,122,0.41,0.42,0.43,0.425,1,4495,-0.0187,0.0009,-0.0092,0.0614,0.3905,1.875,2.3529
140.0,2026-01-16,150,0.38,0.37,0.38,0.375,1,4527,-0.018,0.0007,-0.0084,0.0657,0.41,1.75,2.6667
190.0,2025-09-05,17,0.13,0.13,0.14,0.135,79,1085,-0.0173,0.0019,-0.0256,0.0219,0.4295,2.375,7.4074
207.5,2025-08-22,3,0.06,0.06,0.07,0.065,5557,5881,-0.0168,0.0035,-0.061,0.0101,0.488,2.5938,15.3846
100.0,2026-12-18,486,0.69,0.67,0.7,0.685,1,2107,-0.0168,0.0004,-0.0041,0.1111,0.41,1.25,4.3796
145.0,2025-12-19,122,0.35,0.35,0.36,0.355,8,3410,-0.0164,0.0007,-0.0086,0.0548,0.41,1.8125,2.8169
165.0,2025-10-17,59,0.25,0.24,0.26,0.25,130,3823,-0.0159,0.001,-0.0123,0.0372,0.41,2.0625,8.0
100.0,2027-01-15,514,0.73,0.73,0.76,0.745,2,1953,-0.0151,0.0004,-0.0035,0.1044,0.3905,1.25,4.0268
175.0,2025-09-19,31,0.17,0.17,0.18,0.175,775,8414,-0.0146,0.0012,-0.0174,0.0254,0.449,2.1875,5.7143
170.0,2025-09-26,38,0.15,0.07,0.29,0.18,18,66,-0.0142,0.0011,-0.0153,0.0273,0.449,2.125,122.2222
205.0,2025-08-22,3,0.06,0.05,0.06,0.055,1789,6550,-0.0142,0.0028,-0.0571,0.0087,0.5271,2.5625,18.1818
110.0,2026-08-21,367,0.57,0.37,0.6,0.485,5,39,-0.014,0.0004,-0.0039,0.0825,0.3905,1.375,47.4227
185.0,2025-09-05,17,0.1,0.1,0.11,0.105,11,832,-0.0138,0.0015,-0.0232,0.0181,0.4685,2.3125,9.5238
180.0,2025-09-12,24,0.15,0.14,0.15,0.145,183,316,-0.0138,0.0013,-0.0187,0.0213,0.449,2.25,6.8966
170.0,2025-09-19,31,0.14,0.14,0.15,0.145,147,7818,-0.0133,0.001,-0.0174,0.0234,0.488,2.125,6.8966
195.0,2025-08-29,10,0.08,0.08,0.09,0.085,737,3164,-0.0131,0.0019,-0.0272,0.0135,0.449,2.4375,11.7647
120.0,2026-03-20,213,0.34,0.34,0.35,0.345,20,555,-0.0128,0.0004,-0.0055,0.0585,0.4295,1.5,2.8986
160.0,2025-10-17,59,0.2,0.2,0.22,0.21,17,9930,-0.0127,0.0008,-0.0106,0.0308,0.4295,2.0,9.5238
115.0,2026-05-15,269,0.41,0.38,0.44,0.41,1,17,-0.0124,0.0004,-0.0045,0.0639,0.41,1.4375,14.6341
90.0,2026-12-18,486,0.5,0.49,0.51,0.5,1,1659,-0.0118,0.0003,-0.0032,0.0821,0.4295,1.125,4.0
110.0,2026-06-18,303,0.42,0.4,0.42,0.41,1,1958,-0.0118,0.0004,-0.004,0.0646,0.41,1.375,4.878
75.0,2027-12-17,850,0.73,0.6,0.95,0.775,5,93,-0.0116,0.0002,-0.0022,0.1068,0.41,0.9375,45.1613
110.0,2026-05-15,269,0.35,0.32,0.38,0.35,10,28,-0.0114,0.0004,-0.0043,0.0591,0.4295,1.375,17.1429
130.0,2026-01-16,150,0.26,0.26,0.28,0.27,1,9527,-0.0112,0.0005,-0.0059,0.0438,0.4295,1.625,7.4074
150.0,2025-10-17,59,0.14,0.14,0.15,0.145,13,12934,-0.0103,0.0006,-0.0101,0.0256,0.488,1.875,6.8966
155.0,2025-10-17,59,0.18,0.17,0.18,0.175,2,2639,-0.0102,0.0006,-0.0092,0.0254,0.449,1.9375,5.7143
160.0,2025-09-26,38,0.11,0.01,0.24,0.125,3,6,-0.0101,0.0007,-0.0129,0.0203,0.5075,2.0,184.0
202.5,2025-08-22,3,0.04,0.04,0.05,0.045,794,1104,-0.0099,0.002,-0.0434,0.0064,0.5466,2.5312,22.2222
125.0,2026-01-16,150,0.22,0.22,0.23,0.225,3,3183,-0.0099,0.0004,-0.0055,0.0391,0.449,1.5625,4.4444
135.0,2025-12-19,122,0.25,0.24,0.25,0.245,10,856,-0.0098,0.0004,-0.0058,0.035,0.4295,1.6875,4.0816
165.0,2025-09-19,31,0.12,0.11,0.12,0.115,2663,26842,-0.0097,0.0008,-0.0138,0.0178,0.5075,2.0625,8.6957
190.0,2025-08-29,10,0.07,0.06,0.07,0.065,110,1437,-0.0092,0.0013,-0.0217,0.0099,0.488,2.375,15.3846
180.0,2025-09-05,17,0.08,0.07,0.09,0.08,21,793,-0.0089,0.001,-0.0164,0.0123,0.488,2.25,25.0
200.0,2025-08-22,3,0.03,0.03,0.04,0.035,872,10402,-0.0086,0.0016,-0.0412,0.0057,0.5856,2.5,28.5714
120.0,2026-01-16,150,0.19,0.18,0.2,0.19,1,3534,-0.0086,0.0003,-0.0051,0.0347,0.4685,1.5,10.5263
130.0,2025-12-19,122,0.22,0.2,0.21,0.205,1,3677,-0.0084,0.0004,-0.0054,0.0307,0.449,1.625,4.878
170.0,2025-09-12,24,0.1,0.08,0.1,0.09,30,557,-0.0083,0.0007,-0.0137,0.0138,0.5075,2.125,22.2222
165.0,2025-09-26,38,0.13,0.04,0.15,0.095,7,22,-0.0083,0.0007,-0.0096,0.0171,0.449,2.0625,115.7895
185.0,2025-08-29,10,0.06,0.05,0.06,0.055,56,1747,-0.0083,0.001,-0.0222,0.0091,0.5466,2.3125,18.1818
145.0,2025-10-17,59,0.12,0.12,0.13,0.125,59,3163,-0.0082,0.0005,-0.0087,0.0211,0.5075,1.8125,8.0
135.0,2025-11-21,94,0.18,0.17,0.18,0.175,11,297,-0.0079,0.0004,-0.0061,0.0256,0.4685,1.6875,5.7143
100.0,2026-06-18,303,0.3,0.29,0.3,0.295,4,1500,-0.0077,0.0002,-0.0029,0.0447,0.4295,1.25,3.3898
170.0,2025-09-05,17,0.05,0.04,0.1,0.07,48,609,-0.0074,0.0007,-0.0169,0.0105,0.5856,2.125,85.7143
175.0,2025-09-05,17,0.05,0.05,0.07,0.06,7,169,-0.0072,0.0007,-0.0149,0.0103,0.5271,2.1875,33.3333
105.0,2026-03-20,213,0.2,0.2,0.21,0.205,1,163,-0.0072,0.0002,-0.0036,0.0354,0.4685,1.3125,4.878
160.0,2025-09-19,31,0.09,0.09,0.1,0.095,1341,11281,-0.0071,0.0006,-0.0109,0.0135,0.5271,2.0,10.5263
130.0,2025-11-21,94,0.16,0.14,0.16,0.15,1,725,-0.0066,0.0003,-0.0054,0.0219,0.488,1.625,13.3333
140.0,2025-10-17,59,0.11,0.1,0.11,0.105,1,1504,-0.0065,0.0004,-0.0074,0.0172,0.5271,1.75,9.5238
197.5,2025-08-22,3,0.02,0.02,0.03,0.025,21,2304,-0.0061,0.0012,-0.0315,0.0042,0.6051,2.4688,40.0
195.0,2025-08-22,3,0.02,0.02,0.03,0.025,1897,1902,-0.0054,0.001,-0.0302,0.0038,0.6441,2.4375,40.0
100.0,2026-02-20,185,0.13,0.13,0.15,0.14,3,324,-0.0054,0.0002,-0.0033,0.0254,0.5075,1.25,14.2857
50.0,2027-12-17,850,0.31,0.31,0.35,0.33,21,403,-0.0052,0.0001,-0.0013,0.0529,0.488,0.625,12.1212
115.0,2025-12-19,122,0.12,0.12,0.13,0.125,1,912,-0.0052,0.0002,-0.004,0.0201,0.5075,1.4375,8.0
135.0,2025-10-17,59,0.1,0.08,0.09,0.085,1,1183,-0.0052,0.0003,-0.0062,0.0139,0.5466,1.6875,11.7647
160.0,2025-09-12,24,0.06,0.04,0.07,0.055,2,91,-0.0051,0.0004,-0.0099,0.0089,0.5661,2.0,54.5455
150.0,2025-09-12,24,0.03,0.02,0.09,0.055,19,57,-0.0048,0.0004,-0.0111,0.0085,0.6636,1.875,127.2727
180.0,2025-08-29,10,0.03,0.03,0.04,0.035,271,1935,-0.0047,0.0006,-0.014,0.0055,0.5661,2.25,28.5714
150.0,2025-09-19,31,0.06,0.06,0.07,0.065,3,5143,-0.0047,0.0003,-0.0084,0.0094,0.5856,1.875,15.3846
125.0,2025-09-26,38,0.02,0.01,0.16,0.085,21,1467,-0.0045,0.0002,-0.0096,0.01,0.7612,1.5625,176.4706
120.0,2025-11-21,94,0.11,0.1,0.11,0.105,22,759,-0.0045,0.0002,-0.0042,0.0156,0.5271,1.5,9.5238
175.0,2025-08-29,10,0.03,0.03,0.04,0.035,47,407,-0.0044,0.0005,-0.0145,0.0051,0.6246,2.1875,28.5714
55.0,2027-06-17,667,0.23,0.26,0.31,0.285,9,9,-0.0044,0.0001,-0.0013,0.04,0.488,0.6875,17.5439
130.0,2025-09-26,38,0.05,0.02,0.15,0.085,12,17,-0.0042,0.0002,-0.0083,0.0093,0.7027,1.625,152.9412
125.0,2025-10-17,59,0.06,0.05,0.08,0.065,1,517,-0.004,0.0002,-0.0055,0.0111,0.6051,1.5625,46.1538
115.0,2025-10-17,59,0.05,0.03,0.1,0.065,25,957,-0.0037,0.0002,-0.0057,0.0103,0.6832,1.4375,107.6923
80.0,2026-06-18,303,0.13,0.14,0.16,0.15,10,594,-0.0036,0.0001,-0.0017,0.023,0.488,1.0,13.3333
105.0,2025-12-19,122,0.08,0.07,0.08,0.075,3,919,-0.0036,0.0001,-0.0031,0.0144,0.5466,1.3125,13.3333
145.0,2025-09-19,31,0.05,0.04,0.06,0.05,25,5214,-0.0034,0.0002,-0.0065,0.007,0.6051,1.8125,40.0
170.0,2025-08-29,10,0.02,0.02,0.03,0.025,116,904,-0.0032,0.0004,-0.0116,0.0039,0.6636,2.125,40.0
160.0,2025-09-05,17,0.01,0.02,0.04,0.03,6,114,-0.0032,0.0003,-0.0085,0.0049,0.6246,2.0,66.6667
140.0,2025-09-19,31,0.05,0.03,0.05,0.04,138,9000,-0.0031,0.0002,-0.0064,0.0064,0.6441,1.75,50.0
110.0,2025-11-21,94,0.08,0.06,0.08,0.07,1,387,-0.003,0.0001,-0.0031,0.0107,0.5661,1.375,28.5714
100.0,2026-01-16,150,0.09,0.07,0.09,0.08,15,6464,-0.0027,0.0001,-0.002,0.0124,0.5075,1.25,25.0
155.0,2025-09-05,17,0.02,0.01,0.05,0.03,3,141,-0.0026,0.0002,-0.0076,0.0042,0.6636,1.9375,133.3333
85.0,2026-01-16,150,0.05,0.03,0.1,0.065,9,1897,-0.0025,0.0001,-0.0022,0.0115,0.6051,1.0625,107.6923
90.0,2025-12-19,122,0.04,0.03,0.09,0.06,54,1806,-0.0024,0.0001,-0.0025,0.01,0.6246,1.125,100.0
100.0,2025-11-21,94,0.05,0.03,0.07,0.05,21,483,-0.0024,0.0001,-0.0028,0.0088,0.6246,1.25,80.0
192.5,2025-08-22,3,0.01,0.01,0.02,0.015,309,743,-0.0024,0.0005,-0.014,0.0018,0.6246,2.4062,66.6667
105.0,2025-11-21,94,0.06,0.04,0.07,0.055,4,61,-0.0024,0.0001,-0.0026,0.0087,0.5856,1.3125,54.5455
140.0,2025-09-12,24,0.01,0.01,0.04,0.025,21,23,-0.0023,0.0002,-0.0061,0.0044,0.7027,1.75,120.0
110.0,2025-10-17,59,0.04,0.02,0.05,0.035,45,519,-0.0022,0.0001,-0.0037,0.0066,0.6832,1.375,85.7143
190.0,2025-08-22,3,0.02,0.01,0.02,0.015,69,3221,-0.0022,0.0004,-0.0138,0.0017,0.6636,2.375,66.6667
135.0,2025-09-19,31,0.04,0.02,0.04,0.03,10,3123,-0.0022,0.0001,-0.0048,0.0047,0.6636,1.6875,66.6667
60.0,2026-06-18,303,0.05,0.07,0.08,0.075,10,47,-0.0021,0.0,-0.0013,0.0142,0.5856,0.75,13.3333
187.5,2025-08-22,3,0.01,0.01,0.02,0.015,224,329,-0.002,0.0004,-0.0136,0.0016,0.7027,2.3438,66.6667
130.0,2025-09-19,31,0.03,0.02,0.04,0.03,46,2384,-0.002,0.0001,-0.0046,0.0043,0.7027,1.625,66.6667
85.0,2025-12-19,122,0.03,0.01,0.09,0.05,2,1880,-0.0019,0.0001,-0.002,0.008,0.6441,1.0625,160.0
185.0,2025-08-22,3,0.01,0.0,0.01,0.005,141,1204,-0.0019,0.0003,-0.0133,0.0014,0.7417,2.3125,200.0
182.5,2025-08-22,3,0.01,0.0,0.01,0.005,15,211,-0.0017,0.0003,-0.013,0.0013,0.7807,2.2812,200.0
150.0,2025-09-05,17,0.01,0.01,0.03,0.02,1,63,-0.0017,0.0001,-0.0052,0.0028,0.6832,1.875,100.0
175.0,2025-08-22,3,0.01,0.0,0.01,0.005,30,735,-0.0016,0.0002,-0.0147,0.0013,0.9173,2.1875,200.0
115.0,2025-09-19,31,0.02,0.01,0.04,0.025,1,963,-0.0016,0.0001,-0.0046,0.0036,0.8392,1.4375,120.0
180.0,2025-08-22,3,0.02,0.0,0.01,0.005,32,1858,-0.0016,0.0003,-0.0127,0.0012,0.8197,2.25,200.0
100.0,2025-10-17,59,0.03,0.02,0.04,0.03,20,788,-0.0016,0.0001,-0.0029,0.0047,0.7417,1.25,66.6667
80.0,2026-01-16,150,0.05,0.04,0.05,0.045,10,2493,-0.0015,0.0,-0.0014,0.0073,0.6051,1.0,22.2222
165.0,2025-08-29,10,0.02,0.01,0.02,0.015,2,270,-0.0014,0.0002,-0.0056,0.0019,0.6636,2.0625,66.6667
125.0,2025-09-19,31,0.02,0.01,0.03,0.02,5,1318,-0.0014,0.0001,-0.0034,0.0031,0.7222,1.5625,100.0
45.0,2026-01-16,150,0.01,0.01,0.1,0.055,1,2382,-0.0014,0.0,-0.0021,0.0067,0.9563,0.5625,163.6364
160.0,2025-08-29,10,0.02,0.01,0.02,0.015,31,360,-0.0014,0.0001,-0.0058,0.0018,0.7222,2.0,66.6667
120.0,2025-09-19,31,0.01,0.01,0.03,0.02,4,4151,-0.0012,0.0001,-0.0032,0.0027,0.7612,1.5,100.0
155.0,2025-09-26,38,0.1,0.0,0.1,0.05,1,106,-0.001,0.0001,-0.0014,0.0027,0.41,1.9375,200.0
155.0,2025-08-29,10,0.01,0.0,0.01,0.005,34,307,-0.001,0.0001,-0.0046,0.0013,0.7612,1.9375,200.0
135.0,2025-09-12,24,0.02,0.0,0.03,0.015,2,12,-0.0009,0.0001,-0.0026,0.0019,0.6832,1.6875,200.0
50.0,2026-06-18,303,0.04,0.04,0.05,0.045,1,2454,-0.0009,0.0,-0.0006,0.0066,0.6051,0.625,22.2222
75.0,2025-12-19,122,0.01,0.0,0.11,0.055,8,3634,-0.0004,0.0,-0.0005,0.0021,0.6246,0.9375,200.0
80.0,2025-12-19,122,0.02,0.0,0.11,0.055,56,2436,-0.0004,0.0,-0.0005,0.0021,0.5856,1.0,200.0
