Date,Open,High,Low,Close,Volume,Dividends,Stock Splits
2023-09-13 00:00:00-04:00,174.7978809836157,175.5802265952459,172.2924227134037,172.52020263671875,84267900,0.0,0.0
2023-09-14 00:00:00-04:00,172.31219668990042,174.39183269426235,171.89627251118375,174.0353240966797,60895800,0.0,0.0
2023-09-15 00:00:00-04:00,174.76815074757482,174.78796097983732,172.13396406629226,173.31240844726562,109259500,0.0,0.0
2023-09-18 00:00:00-04:00,174.76814563074643,177.64002479353724,174.46115503817452,176.2436981201172,67257600,0.0,0.0
2023-09-19 00:00:00-04:00,175.7980702206982,177.88760394386657,175.4118538031827,177.33303833007812,51826900,0.0,0.0
2023-09-20 00:00:00-04:00,177.52120149038592,177.95693597912128,173.69864226300012,173.78778076171875,58436200,0.0,0.0
2023-09-21 00:00:00-04:00,172.85688574257026,174.58991092023126,172.17357625479622,172.24288940429688,63149100,0.0,0.0
2023-09-22 00:00:00-04:00,172.97571228348323,175.36233909077248,172.36173107244514,173.09454345703125,56725400,0.0,0.0
2023-09-25 00:00:00-04:00,172.51025571431984,175.25339092524624,172.46073769252675,174.3720245361328,46172700,0.0,0.0
2023-09-26 00:00:00-04:00,173.12426626356617,173.50057001651604,169.99491440180657,170.29200744628906,64588900,0.0,0.0
2023-09-27 00:00:00-04:00,170.9456153197968,171.36153958960574,167.41025147102962,168.77685546875,66921800,0.0,0.0
2023-09-28 00:00:00-04:00,167.69740591218968,170.36131544966938,165.99408862675534,169.03431701660156,56294400,0.0,0.0
2023-09-29 00:00:00-04:00,170.35144187875733,171.39126009408957,168.68772971206937,169.54930114746094,51861100,0.0,0.0
2023-10-02 00:00:00-04:00,169.55917827580257,172.6093042881744,169.2719827950215,172.06463623046875,52164500,0.0,0.0
2023-10-03 00:00:00-04:00,170.58908076573104,171.9458021063211,169.1630613901914,170.72772216796875,49594600,0.0,0.0
2023-10-04 00:00:00-04:00,169.43043127173715,172.5201776911012,169.31160010164683,171.9755096435547,53020300,0.0,0.0
2023-10-05 00:00:00-04:00,172.1042477774046,173.74814957044222,171.00501406167223,173.21339416503906,48527900,0.0,0.0
2023-10-06 00:00:00-04:00,172.1141617663429,176.26352163595584,171.5001654241457,175.76837158203125,57266700,0.0,0.0
2023-10-09 00:00:00-04:00,175.0949677633166,177.31324554755352,174.0947700479303,177.2538299560547,42390800,0.0,0.0
2023-10-10 00:00:00-04:00,176.37245706568626,177.97673842144718,176.2239029815132,176.65963745117188,43698000,0.0,0.0
2023-10-11 00:00:00-04:00,176.4714829606774,178.10548726772782,175.87731193966172,178.05596923828125,47551100,0.0,0.0
2023-10-12 00:00:00-04:00,178.3233466007442,180.57131695227565,177.30332359387822,178.95713806152344,56743100,0.0,0.0
2023-10-13 00:00:00-04:00,179.66026761502152,180.16531529722363,176.4120840387178,177.11520385742188,51427100,0.0,0.0
2023-10-16 00:00:00-04:00,175.03551235106417,177.34291299761338,174.79783492835955,176.9864044189453,52517000,0.0,0.0
2023-10-17 00:00:00-04:00,174.93649062028842,176.6893258679855,173.10444466932296,175.431640625,57549400,0.0,0.0
2023-10-18 00:00:00-04:00,173.87689630601963,175.85749653944856,173.4114540423014,174.13436889648438,54764400,0.0,0.0
2023-10-19 00:00:00-04:00,174.33240207355175,176.11494506219307,173.4906561558451,173.75804138183594,59302900,0.0,0.0
2023-10-20 00:00:00-04:00,173.60950111647477,173.71843472751576,170.96540176933075,171.2030792236328,64244000,0.0,0.0
2023-10-23 00:00:00-04:00,169.25217604772806,172.32209697076135,168.28167117128655,171.3218994140625,55980100,0.0,0.0
2023-10-24 00:00:00-04:00,171.37144345921354,171.98542471489895,169.78695717971306,171.75765991210938,43816600,0.0,0.0
2023-10-25 00:00:00-04:00,170.21277093543313,171.38131769667615,168.99469104064445,169.44033813476562,57157000,0.0,0.0
2023-10-26 00:00:00-04:00,168.71741923518283,169.71763198356828,164.06301189675906,165.27117919921875,70625300,0.0,0.0
2023-10-27 00:00:00-04:00,165.29099661436564,167.321114882013,165.2117707914918,166.58828735351562,58499100,0.0,0.0
2023-10-30 00:00:00-04:00,167.38051344932887,169.5096524459554,167.23195938000526,168.63818359375,51131000,0.0,0.0
2023-10-31 00:00:00-04:00,167.70731641765212,169.24226937820893,166.27136928302133,169.11354064941406,44846000,0.0,0.0
2023-11-01 00:00:00-04:00,169.34130885799144,172.53997379429074,168.46983997695696,172.28250122070312,56934900,0.0,0.0
2023-11-02 00:00:00-04:00,173.8174769968696,176.05554977286621,173.75806140886317,175.84759521484375,77334800,0.0,0.0
2023-11-03 00:00:00-04:00,172.5498964006483,175.10487249469713,171.66852990822986,174.93650817871094,79829200,0.0,0.0
2023-11-06 00:00:00-05:00,174.66912431484397,177.6895273209714,174.50077512285628,177.49147033691406,63841300,0.0,0.0
2023-11-07 00:00:00-05:00,177.44198935031312,180.67037779634154,177.23403476241975,180.056396484375,70530000,0.0,0.0
2023-11-08 00:00:00-05:00,180.581241871906,181.67056299140017,179.82860407252238,181.11599731445312,49340300,0.0,0.0
2023-11-09 00:00:00-05:00,181.18529301725127,182.33402952271553,180.04643896103886,180.640625,53763500,0.0,0.0
2023-11-10 00:00:00-05:00,182.425536381392,185.00371491529177,181.98922784820692,184.8351287841797,66133400,0.24,0.0
2023-11-13 00:00:00-05:00,184.26000678217753,184.46823531200093,182.66352248721634,183.24856567382812,43627500,0.0,0.0
2023-11-14 00:00:00-05:00,186.12420582715117,186.53076740007103,184.7359652497266,185.86639404296875,60108400,0.0,0.0
2023-11-15 00:00:00-05:00,186.27293434959842,187.9090759241039,186.20351476330887,186.43157958984375,53790500,0.0,0.0
2023-11-16 00:00:00-05:00,187.9785007833142,189.356830641734,187.06621119021287,188.11732482910156,54412900,0.0,0.0
2023-11-17 00:00:00-05:00,188.65281519385715,188.78172866103995,186.98692637498098,188.09751892089844,50922700,0.0,0.0
2023-11-20 00:00:00-05:00,188.29581152699646,190.29885721130628,188.28590092727276,189.84271240234375,46505100,0.0,0.0
2023-11-21 00:00:00-05:00,189.80306012274144,189.91213724546566,188.14708208188244,189.03952026367188,38134500,0.0,0.0
2023-11-22 00:00:00-05:00,189.88236937575067,191.31026728301677,189.22790671157534,189.70387268066406,39617700,0.0,0.0
2023-11-24 00:00:00-05:00,189.26759079649733,189.2973377280717,187.66119596873028,188.37515258789062,24048300,0.0,0.0
2023-11-27 00:00:00-05:00,188.3255839995523,189.06928760823715,187.31414285514808,188.19667053222656,40552600,0.0,0.0
2023-11-28 00:00:00-05:00,188.18675406725092,189.47584330827428,187.80993940877178,188.80154418945312,38415400,0.0,0.0
2023-11-29 00:00:00-05:00,189.2973512852548,190.47736342450784,187.38356127369806,187.7801971435547,43014200,0.0,0.0
2023-11-30 00:00:00-05:00,188.24625428611483,188.7222354910008,186.61011239504938,188.35533142089844,48794400,0.0,0.0
2023-12-01 00:00:00-05:00,188.73214223180454,189.95181189166442,187.64137090627887,189.63450622558594,45704800,0.0,0.0
2023-12-04 00:00:00-05:00,188.3850768316175,188.454496430777,185.8763178825686,187.83969116210938,43389500,0.0,0.0
2023-12-05 00:00:00-05:00,188.61316059527184,192.76797210608754,188.58339853026055,191.79620361328125,66628400,0.0,0.0
2023-12-06 00:00:00-05:00,192.8175368647406,193.1249319103576,190.4971854261922,190.70542907714844,41089700,0.0,0.0
2023-12-07 00:00:00-05:00,192.00444213716838,193.3629358704378,191.9647694720094,192.63906860351562,47477700,0.0,0.0
2023-12-08 00:00:00-05:00,192.56962283922067,194.3446036620394,192.04407357743747,194.06695556640625,53406400,0.0,0.0
2023-12-11 00:00:00-05:00,191.4888078106811,191.86562248491865,189.8129932403368,191.55821228027344,60943700,0.0,0.0
2023-12-12 00:00:00-05:00,191.45904261144975,193.08527375940776,190.11045957675134,193.0753631591797,52696900,0.0,0.0
2023-12-13 00:00:00-05:00,193.45214952198077,196.33772271445184,193.21417408717826,196.29806518554688,70404200,0.0,0.0
2023-12-14 00:00:00-05:00,196.3575670696298,197.94412551234106,194.51318172109634,196.44680786132812,66831600,0.0,0.0
2023-12-15 00:00:00-05:00,195.87170428604514,196.7343956614167,195.34615492740625,195.911376953125,128538400,0.0,0.0
2023-12-18 00:00:00-05:00,194.44375552934187,194.97923052273018,192.75803062150393,194.2454376220703,55751900,0.0,0.0
2023-12-19 00:00:00-05:00,194.51318587990949,195.29654695271066,194.24544836840317,195.28663635253906,40714100,0.0,0.0
2023-12-20 00:00:00-05:00,195.24696511767544,196.0204155959587,193.19435119628906,193.19435119628906,52242800,0.0,0.0
2023-12-21 00:00:00-05:00,194.4536698626075,195.42543814276274,191.8754918271264,193.0455780029297,46482500,0.0,0.0
2023-12-22 00:00:00-05:00,193.54140785907617,193.76948784569112,191.349969834571,191.9746856689453,37149600,0.0,0.0
2023-12-26 00:00:00-05:00,191.9846022868164,192.2622504150879,191.21115176796184,191.42930603027344,28919300,0.0,0.0
2023-12-27 00:00:00-05:00,190.87399477798158,191.87551008122907,189.48573911500236,191.5284423828125,48087700,0.0,0.0
2023-12-28 00:00:00-05:00,192.51016078496022,193.02579953233345,191.54830289093405,191.95486450195312,34049900,0.0,0.0
2023-12-29 00:00:00-05:00,192.27214410156537,192.76794644853246,190.1203637314106,190.9136505126953,42672100,0.0,0.0
2024-01-02 00:00:00-05:00,185.57883023572913,186.85800888690832,182.34620407017263,184.08151245117188,82488700,0.0,0.0
2024-01-03 00:00:00-05:00,182.6734238450404,184.31949132166326,181.8900476382689,182.7031707763672,58414500,0.0,0.0
2024-01-04 00:00:00-05:00,180.62077266265916,181.55288341182597,179.36144570900103,180.38279724121094,71983600,0.0,0.0
2024-01-05 00:00:00-05:00,180.46216340525032,181.22568820887324,178.6574354024576,179.65895080566406,62379700,0.0,0.0
2024-01-08 00:00:00-05:00,180.56131218264795,184.04185467153414,179.97626898919978,184.00218200683594,59144500,0.0,0.0
2024-01-09 00:00:00-05:00,182.37591925795493,183.59558869970448,181.1959073433652,183.58567810058594,42841800,0.0,0.0
2024-01-10 00:00:00-05:00,182.8023278606972,184.8351053395885,182.3759299825551,184.6268768310547,46792900,0.0,0.0
2024-01-11 00:00:00-05:00,184.97392753345,185.47965559618967,182.07844372761645,184.0319061279297,49128400,0.0,0.0
2024-01-12 00:00:00-05:00,184.49795490224625,185.1722539181108,183.63526371659532,184.359130859375,40477800,0.0,0.0
2024-01-16 00:00:00-05:00,180.63071876275188,182.71307958868692,179.41103406753936,182.08837890625,65603000,0.0,0.0
2024-01-17 00:00:00-05:00,179.7482109997081,181.3942635111242,178.78635310827863,181.1463623046875,47317400,0.0,0.0
2024-01-18 00:00:00-05:00,184.5277024783634,187.55209963440907,184.26989072089356,187.04638671875,78005800,0.0,0.0
2024-01-19 00:00:00-05:00,187.74052319933506,190.33852272040096,187.23481023986653,189.95179748535156,68903000,0.0,0.0
2024-01-22 00:00:00-05:00,190.68558968364889,193.69015075906108,190.64591702187175,192.26223754882812,60133900,0.0,0.0
2024-01-23 00:00:00-05:00,193.38276708914043,194.10663433692045,192.20275498822556,193.54141235351562,42355600,0.0,0.0
2024-01-24 00:00:00-05:00,193.7793857004472,194.73133285541883,192.70845082511164,192.8671112060547,53631300,0.0,0.0
2024-01-25 00:00:00-05:00,193.58107445570798,194.62226243680658,191.48878789336808,192.53988647460938,54822100,0.0,0.0
2024-01-26 00:00:00-05:00,192.63904008919584,193.12491668531047,190.3285994330514,190.8045654296875,44594000,0.0,0.0
2024-01-29 00:00:00-05:00,190.3980247095346,190.5864320350317,187.98843240307312,190.12037658691406,47145600,0.0,0.0
2024-01-30 00:00:00-05:00,189.33702781871273,190.1898085739461,185.89615786346673,186.46136474609375,55859400,0.0,0.0
2024-01-31 00:00:00-05:00,185.46974943852436,185.5292584344751,182.8023453182215,182.85191345214844,55467800,0.0,0.0
2024-02-01 00:00:00-05:00,182.44537406733116,185.38051582576702,182.27680306565713,185.29127502441406,64885400,0.0,0.0
2024-02-02 00:00:00-05:00,178.35003123610636,185.75731994134992,177.74515173237538,184.2897491455078,102551700,0.0,0.0
2024-02-05 00:00:00-05:00,186.57042555488334,187.6611968198497,184.27982102914154,186.1043701171875,69668800,0.0,0.0
2024-02-06 00:00:00-05:00,185.291266866256,187.72069551270494,185.2020260688322,187.71078491210938,43490800,0.0,0.0
2024-02-07 00:00:00-05:00,189.03952431241242,189.4460858813363,187.02656792958788,187.81985473632812,53439000,0.0,0.0
2024-02-08 00:00:00-05:00,187.80003823127362,187.94877290356362,185.77717103468487,186.73902893066406,40962000,0.0,0.0
2024-02-09 00:00:00-05:00,187.304938639922,188.63539609029752,186.65957913376621,187.50352478027344,45155200,0.24,0.0
2024-02-12 00:00:00-05:00,187.0765772861258,187.32479480430874,185.45819421957458,185.8156280517578,41781900,0.0,0.0
2024-02-13 00:00:00-05:00,184.44546335353002,184.88232857566155,182.20156746712615,183.7206573486328,56529500,0.0,0.0
2024-02-14 00:00:00-05:00,183.99867685469593,184.2071710720395,181.13920638831792,182.83700561523438,54630500,0.0,0.0
2024-02-15 00:00:00-05:00,182.2413002337134,183.17460050228618,180.05698915939104,182.54908752441406,65434500,0.0,0.0
2024-02-16 00:00:00-05:00,182.1122335213933,183.53204565484478,180.37471083115267,181.01014709472656,49752500,0.0,0.0
2024-02-20 00:00:00-05:00,180.49381298899803,181.12924912087828,178.71658252873672,180.2654571533203,53665600,0.0,0.0
2024-02-21 00:00:00-05:00,180.64278508736416,181.5860086349742,179.37191259479573,181.02008056640625,41371400,0.0,0.0
2024-02-22 00:00:00-05:00,182.17179668082835,183.64125529629035,181.15908011476066,183.05545043945312,52292200,0.0,0.0
2024-02-23 00:00:00-05:00,183.69086441483557,183.7206493014041,180.93068715953405,181.2186279296875,45119700,0.0,0.0
2024-02-26 00:00:00-05:00,180.94063332165365,181.45691481099774,179.36195851579282,179.8683319091797,40867400,0.0,0.0
2024-02-27 00:00:00-05:00,179.80876047563007,182.60864595739088,178.27973221361,181.32785034179688,54318900,0.0,0.0
2024-02-28 00:00:00-05:00,181.20870480571682,181.814356133641,178.84568442217187,180.12648010253906,48953900,0.0,0.0
2024-02-29 00:00:00-05:00,179.97756989489093,181.26830407372196,178.2499704416867,179.46127319335938,136682600,0.0,0.0
2024-03-01 00:00:00-05:00,178.26982726346276,179.24283570733874,176.11530099131116,178.37904357910156,73563100,0.0,0.0
2024-03-04 00:00:00-05:00,174.8940486462885,175.63870116419773,172.55087478393426,173.85154724121094,81510100,0.0,0.0
2024-03-05 00:00:00-05:00,169.5424796657224,170.8133520831047,168.41060844555398,168.90704345703125,95132400,0.0,0.0
2024-03-06 00:00:00-05:00,169.84035496658896,170.01907946057096,167.47731930724007,167.9141845703125,68587700,0.0,0.0
2024-03-07 00:00:00-05:00,167.9439531253601,169.51268953107953,167.28867044448495,167.79502868652344,71765100,0.0,0.0
2024-03-08 00:00:00-05:00,167.7950193051884,172.46150497776014,167.73544953298423,169.51268005371094,76267000,0.0,0.0
2024-03-11 00:00:00-04:00,171.7069430151515,173.13667826239134,170.8232893067872,171.51829528808594,60139500,0.0,0.0
2024-03-12 00:00:00-04:00,171.91544162555573,172.7891721100731,169.79070034274764,171.994873046875,59825400,0.0,0.0
2024-03-13 00:00:00-04:00,171.53817270319811,171.9551763303205,169.54249409126064,169.9098663330078,52488700,0.0,0.0
2024-03-14 00:00:00-04:00,171.67715534575908,173.06716728584055,170.82328653971078,171.76651000976562,72913500,0.0,0.0
2024-03-15 00:00:00-04:00,169.94956266563446,171.38922119140625,169.0758321837892,171.38922119140625,121752700,0.0,0.0
2024-03-18 00:00:00-04:00,174.31819990832292,176.44294118443133,172.282813299669,172.48138427734375,75604200,0.0,0.0
2024-03-19 00:00:00-04:00,173.09695515946524,175.35077434046616,171.79629786095623,174.82455444335938,55215200,0.0,0.0
2024-03-20 00:00:00-04:00,174.467139074951,177.39610290527344,173.84162605000233,177.39610290527344,53423100,0.0,0.0
2024-03-21 00:00:00-04:00,175.78765774149878,176.22452301821235,169.62192763151074,170.1481475830078,106181300,0.0,0.0
2024-03-22 00:00:00-04:00,170.5353695457136,171.81618050845861,168.8474933401544,171.05166625976562,71160100,0.0,0.0
2024-03-25 00:00:00-04:00,169.35386403283357,170.71409125238694,168.24183919385965,169.63186645507812,54288300,0.0,0.0
2024-03-26 00:00:00-04:00,168.7878951080797,170.19776864921857,168.37089153816484,168.49996948242188,57388400,0.0,0.0
2024-03-27 00:00:00-04:00,169.19500814821973,172.36226639285164,168.89714406925813,172.07432556152344,60273300,0.0,0.0
2024-03-28 00:00:00-04:00,170.52541861342735,171.00199196056712,169.29425438748996,170.25733947753906,65672700,0.0,0.0
2024-04-01 00:00:00-04:00,169.969420845431,170.02899062252595,168.27160644825386,168.81768798828125,46240500,0.0,0.0
2024-04-02 00:00:00-04:00,167.87447897129715,168.13261974429108,167.0305333230549,167.6361846923828,49329500,0.0,0.0
2024-04-03 00:00:00-04:00,167.58654549603682,169.4630694684258,167.37805124910258,168.44041442871094,47691700,0.0,0.0
2024-04-04 00:00:00-04:00,169.0758380772312,170.69422114433502,167.6163330078125,167.6163330078125,53704400,0.0,0.0
2024-04-05 00:00:00-04:00,168.3808338913719,169.17513298848516,167.74539764368038,168.37091064453125,42104800,0.0,0.0
2024-04-08 00:00:00-04:00,167.82482886831443,167.99361496437555,167.04046816897213,167.24896240234375,37425500,0.0,0.0
2024-04-09 00:00:00-04:00,167.49716574379335,168.86733118994096,167.14967033425899,168.4602508544922,42373800,0.0,0.0
2024-04-10 00:00:00-04:00,167.59645660291815,167.8843822327512,165.91850390321875,166.58372497558594,49709300,0.0,0.0
2024-04-11 00:00:00-04:00,167.13975023930564,174.208995705804,166.9610408919762,173.79197692871094,91070300,0.0,0.0
2024-04-12 00:00:00-04:00,173.0175179827845,177.08829097776882,172.96788660357228,175.29119873046875,101670900,0.0,0.0
2024-04-15 00:00:00-04:00,174.10968609239896,175.37063525095596,171.27007724910962,171.45872497558594,73531800,0.0,0.0
2024-04-16 00:00:00-04:00,170.52544539032877,172.52110890421707,167.0702615685236,168.17234802246094,73711200,0.0,0.0
2024-04-17 00:00:00-04:00,168.40070660473845,169.43328489386477,166.80218505859375,166.80218505859375,50901200,0.0,0.0
2024-04-18 00:00:00-04:00,166.83196113193097,167.4376124969012,165.36251763085394,165.84901428222656,43122900,0.0,0.0
2024-04-19 00:00:00-04:00,165.02494208062998,165.21357466916862,162.9101239696921,163.8235626220703,68149400,0.0,0.0
2024-04-22 00:00:00-04:00,164.33985172403135,166.06743588145892,163.59519920100377,164.65756225585938,48116400,0.0,0.0
2024-04-23 00:00:00-04:00,164.17107024309314,165.85894631264824,163.74412823991455,165.7100067138672,49537800,0.0,0.0
2024-04-24 00:00:00-04:00,165.35258209827205,168.09291330855643,165.0249482926904,167.81491088867188,48251800,0.0,0.0
2024-04-25 00:00:00-04:00,168.32124662085997,169.3935480180457,166.95108119945704,168.67868041992188,50558300,0.0,0.0
2024-04-26 00:00:00-04:00,168.66877724193844,170.11835910227322,167.97375605274175,168.09291076660156,44838400,0.0,0.0
2024-04-29 00:00:00-04:00,172.1338767566388,174.7749147415349,171.86581274952138,172.26295471191406,68169400,0.0,0.0
2024-04-30 00:00:00-04:00,172.0941804408779,173.7423484830038,168.78792110938284,169.11557006835938,65934800,0.0,0.0
2024-05-01 00:00:00-04:00,168.37091318228207,171.47860143970507,167.90426302381934,168.09291076660156,50383100,0.0,0.0
2024-05-02 00:00:00-04:00,171.2800137361139,172.18352915382397,169.67156903864844,171.7963104248047,94214900,0.0,0.0
2024-05-03 00:00:00-04:00,185.31919936550048,185.66670996286234,181.35765733555206,182.07252502441406,163224100,0.0,0.0
2024-05-06 00:00:00-04:00,181.04986495546194,182.88666551151155,179.1336178251023,180.4144287109375,78569700,0.0,0.0
2024-05-07 00:00:00-04:00,182.14201921219635,183.5816778461448,180.02721617336002,181.09950256347656,77305800,0.0,0.0
2024-05-08 00:00:00-04:00,181.5462890620128,181.76472167822584,180.1562619452029,181.43707275390625,45057100,0.0,0.0
2024-05-09 00:00:00-04:00,181.25836496086742,183.34339825305352,180.81157644111198,183.25404357910156,48983000,0.0,0.0
2024-05-10 00:00:00-04:00,183.83067066594327,184.01957427538,181.07670119634082,181.9913787841797,50759500,0.25,0.0
2024-05-13 00:00:00-04:00,184.36752893234728,186.01793213107706,183.55226403759835,185.20266723632812,72044800,0.0,0.0
2024-05-14 00:00:00-04:00,186.4255779791011,187.21101770983566,185.2126323262415,186.34603881835938,52393600,0.0,0.0
2024-05-15 00:00:00-04:00,186.8232728469217,189.54741702859607,186.2863873072406,188.622802734375,70400000,0.0,0.0
2024-05-16 00:00:00-04:00,189.36847263644847,189.99483406684226,188.56315946625315,188.7421112060547,52845200,0.0,0.0
2024-05-17 00:00:00-04:00,188.4140082479681,189.70649303935699,188.08591490450098,188.7719268798828,41282900,0.0,0.0
2024-05-20 00:00:00-04:00,188.2350632210391,190.81008101901142,187.91690657220929,189.93516540527344,44361300,0.0,0.0
2024-05-21 00:00:00-04:00,189.98487181213304,191.6153866469515,189.815856788038,191.2375946044922,42309400,0.0,0.0
2024-05-22 00:00:00-04:00,191.15804664976199,191.70486886169914,189.1696132758398,189.79595947265625,34648500,0.0,0.0
2024-05-23 00:00:00-04:00,189.87550428926582,189.89539287135,185.55067067436462,185.79922485351562,51005900,0.0,0.0
2024-05-24 00:00:00-04:00,187.7280219308774,189.47783802324832,186.95251887628444,188.8813018798828,36327000,0.0,0.0
2024-05-28 00:00:00-04:00,190.40243380522858,191.88382214222983,188.00638309980087,188.8912353515625,52280100,0.0,0.0
2024-05-29 00:00:00-04:00,188.5134387924459,191.13817040866115,188.41401104911338,189.1894989013672,53068000,0.0,0.0
2024-05-30 00:00:00-04:00,189.6567973718936,191.06858345257766,189.52755949973073,190.18373107910156,49889100,0.0,0.0
2024-05-31 00:00:00-04:00,190.33285520255313,191.45632497373828,188.81170480343985,191.13816833496094,75158300,0.0,0.0
2024-06-03 00:00:00-04:00,191.784412862338,193.8623374845637,191.4066207978332,192.9078826904297,50080500,0.0,0.0
2024-06-04 00:00:00-04:00,193.51432933882765,194.19040455366581,191.91363991566558,193.22601318359375,47471400,0.0,0.0
2024-06-05 00:00:00-04:00,194.269945311189,195.76127042413225,193.74301165159252,194.7372283935547,54156800,0.0,0.0
2024-06-06 00:00:00-04:00,194.55829468881035,195.36360789712964,193.047080853253,193.35528564453125,41181800,0.0,0.0
2024-06-07 00:00:00-04:00,193.5242766218339,195.80104138427978,193.0172315608974,195.75132751464844,53103900,0.0,0.0
2024-06-10 00:00:00-04:00,195.76125048108446,196.15894623968046,191.0387214378687,192.00311279296875,97010200,0.0,0.0
2024-06-11 00:00:00-04:00,192.53006958414636,205.96194772636147,192.51019617172983,205.95199584960938,172373300,0.0,0.0
2024-06-12 00:00:00-04:00,206.1707358379729,218.9265393804105,205.7034527218097,211.83778381347656,198134300,0.0,0.0
2024-06-13 00:00:00-04:00,213.4981154669776,215.49648572091758,210.37627540407073,213.00100708007812,97862700,0.0,0.0
2024-06-14 00:00:00-04:00,212.61324369392398,213.9256018265929,210.07798811856898,211.2611083984375,70122700,0.0,0.0
2024-06-17 00:00:00-04:00,212.13602802573277,217.6837594401996,211.4897931914233,215.4169464111328,93728300,0.0,0.0
2024-06-18 00:00:00-04:00,216.33160783720555,217.36560169939582,211.76815683093403,213.05068969726562,79943300,0.0,0.0
2024-06-20 00:00:00-04:00,212.6927826496957,213.00100258632773,207.64217489543017,208.4673614501953,86172500,0.0,0.0
2024-06-21 00:00:00-04:00,209.17326157128963,210.66458669732776,205.91223184266303,206.2900390625,241805100,0.0,0.0
2024-06-24 00:00:00-04:00,206.51872529912245,211.4699209644532,205.39525540402906,206.93629455566406,80727000,0.0,0.0
2024-06-25 00:00:00-04:00,207.94042486793816,210.15753911842552,207.40355450398363,207.86090087890625,55549700,0.0,0.0
2024-06-26 00:00:00-04:00,210.2768443064002,213.61741321993355,209.42181728774156,212.0167236328125,66213200,0.0,0.0
2024-06-27 00:00:00-04:00,213.44841596012938,214.49234667698786,211.12195219378995,212.86183166503906,49772700,0.0,0.0
2024-06-28 00:00:00-04:00,214.5221259794497,214.82039400183035,209.08375981297516,209.4019012451172,82542700,0.0,0.0
2024-07-01 00:00:00-04:00,210.86342163866271,216.25207446959737,210.6944066158183,215.49647521972656,60402900,0.0,0.0
2024-07-02 00:00:00-04:00,214.89994100712372,219.10548871515067,213.85602557275527,218.99612426757812,58046200,0.0,0.0
2024-07-03 00:00:00-04:00,218.72768354780237,220.2687225341797,217.76329209306175,220.2687225341797,37369800,0.0,0.0
2024-07-05 00:00:00-04:00,220.36814201808318,225.14038557018992,220.36814201808318,225.03102111816406,60412400,0.0,0.0
2024-07-08 00:00:00-04:00,225.77666754871936,226.53228195249955,221.95887904834774,226.50245666503906,59085900,0.0,0.0
2024-07-09 00:00:00-04:00,226.6118203351868,228.07332019577044,225.0608446065374,227.35748291015625,48076100,0.0,0.0
2024-07-10 00:00:00-04:00,227.97391879587246,231.732057144285,227.92420492099558,231.63262939453125,62627700,0.0,0.0
2024-07-11 00:00:00-04:00,230.0518217466028,231.04603853364384,224.46432825800636,226.25392150878906,64710600,0.0,0.0
2024-07-12 00:00:00-04:00,227.59608461971035,231.2945719488415,227.3574671508641,229.2067108154297,53046500,0.0,0.0
2024-07-15 00:00:00-04:00,235.11237576276483,235.8580383346859,231.7419815445035,233.04440307617188,62631300,0.0,0.0
2024-07-16 00:00:00-04:00,233.64092682357534,234.9035862928846,230.98637002864072,233.46197509765625,43234300,0.0,0.0
2024-07-17 00:00:00-04:00,228.12301581337556,230.12140106352723,225.3292693500046,227.5563201904297,57345900,0.0,0.0
2024-07-18 00:00:00-04:00,228.94825861186519,229.1073369513026,220.9845869792789,222.88352966308594,66034600,0.0,0.0
2024-07-19 00:00:00-04:00,223.5198013048721,225.48834608374398,221.9886991219942,223.0127410888672,49151500,0.0,0.0
2024-07-22 00:00:00-04:00,225.69712847330965,226.46267958300487,221.7998008147913,222.66477966308594,48201800,0.0,0.0
2024-07-23 00:00:00-04:00,223.07241159149987,225.6275559695254,221.3921828247117,223.70870971679688,39960300,0.0,0.0
2024-07-24 00:00:00-04:00,222.70456884633313,223.49994534060758,215.87430411173648,217.27613830566406,61777600,0.0,0.0
2024-07-25 00:00:00-04:00,217.663867640833,219.57277716709376,213.3787958392943,216.23220825195312,51391200,0.0,0.0
2024-07-26 00:00:00-04:00,217.43518879671294,218.22062848355827,214.76074345207394,216.69947814941406,41601300,0.0,0.0
2024-07-29 00:00:00-04:00,215.70527849563507,218.0317421116191,214.50226952108,216.97787475585938,36311800,0.0,0.0
2024-07-30 00:00:00-04:00,217.92236610782675,219.05577256608925,214.87011348402856,217.5346221923828,41643800,0.0,0.0
2024-07-31 00:00:00-04:00,220.1593561933901,222.52559687691686,219.35404306544518,220.795654296875,50036300,0.0,0.0
2024-08-01 00:00:00-04:00,223.07240511518174,223.1817695634113,215.76492117798517,217.09716796875,62501000,0.0,0.0
2024-08-02 00:00:00-04:00,217.88260039056834,224.29531073215608,216.45094097639597,218.5885009765625,105568600,0.0,0.0
2024-08-05 00:00:00-04:00,197.9386040162881,212.26527065556354,194.866477978878,208.0597381591797,119548600,0.0,0.0
2024-08-06 00:00:00-04:00,204.11270880558044,208.77558795019922,199.90717605667754,206.0315399169922,69660500,0.0,0.0
2024-08-07 00:00:00-04:00,205.70344110024527,212.40446750854989,205.19639601521322,208.6065673828125,63516400,0.0,0.0
2024-08-08 00:00:00-04:00,211.87751468101786,212.9612072079863,207.62226855649052,212.07635498046875,47161100,0.0,0.0
2024-08-09 00:00:00-04:00,210.87339904235876,215.52632659839892,210.7441459978426,214.9894561767578,42201600,0.0,0.0
2024-08-12 00:00:00-04:00,215.06908018890428,218.49313190431408,214.60125621149956,216.52230834960938,38028100,0.25,0.0
2024-08-13 00:00:00-04:00,217.99543949730662,220.86210287308924,217.99543949730662,220.24497985839844,44155300,0.0,0.0
2024-08-14 00:00:00-04:00,219.54821978702563,221.99681536538918,218.68223972219693,220.69288635253906,41960600,0.0,0.0
2024-08-15 00:00:00-04:00,223.55954635601313,224.30607198028108,221.72805861485108,223.67898559570312,46414000,0.0,0.0
2024-08-16 00:00:00-04:00,222.88270038911833,225.77922361016536,222.6139468974481,225.00283813476562,44340200,0.0,0.0
2024-08-19 00:00:00-04:00,224.6743714872065,224.94312498661264,222.0067784736323,224.8435821533203,40687800,0.0,0.0
2024-08-20 00:00:00-04:00,224.72414631778543,226.11765487642407,224.4056213968942,225.46070861816406,30299000,0.0,0.0
2024-08-21 00:00:00-04:00,225.47065071716546,226.92387876417723,224.00745927475182,225.3511962890625,34765500,0.0,0.0
2024-08-22 00:00:00-04:00,226.7347608131935,227.28221598709214,222.86278176595104,223.4898681640625,43695300,0.0,0.0
2024-08-23 00:00:00-04:00,224.61464290366072,227.16278137803022,223.29080225181497,225.78916931152344,38677300,0.0,0.0
2024-08-26 00:00:00-04:00,225.70952621277567,226.2271215594374,222.8528263811224,226.12757873535156,30602200,0.0,0.0
2024-08-27 00:00:00-04:00,224.95305327681544,227.78985670532606,223.84819475275475,226.97364807128906,35934600,0.0,0.0
2024-08-28 00:00:00-04:00,226.864148811834,228.79516410710562,224.6345202420592,225.44078063964844,38052200,0.0,0.0
2024-08-29 00:00:00-04:00,229.03408635152135,231.8410150307569,227.8197366882459,228.7255096435547,51906300,0.0,0.0
2024-08-30 00:00:00-04:00,229.12366833084764,229.3326870197365,226.42621547495946,227.93917846679688,52990800,0.0,0.0
2024-09-03 00:00:00-04:00,227.49124477575393,227.93915711237167,220.14542777805318,221.73802185058594,50190600,0.0,0.0
2024-09-04 00:00:00-04:00,220.6331648046219,220.75260404502964,216.47252073588626,219.82691955566406,43840200,0.0,0.0
2024-09-05 00:00:00-04:00,220.60329739500978,224.43545304440553,220.49380636570692,221.34982299804688,36615400,0.0,0.0
2024-09-06 00:00:00-04:00,222.9125635200513,224.19659618640478,218.75193438162455,219.7970733642578,48423000,0.0,0.0
2024-09-09 00:00:00-04:00,219.79704777183977,220.244960087071,215.7060869416041,219.88662719726562,67180000,0.0,0.0
2024-09-10 00:00:00-04:00,217.90587267740597,220.45401129755572,215.7260152082313,219.09036254882812,51591000,0.0,0.0
2024-09-11 00:00:00-04:00,220.4340868524661,222.05652550259597,216.88061769002928,221.62852478027344,44587100,0.0,0.0
2024-09-12 00:00:00-04:00,221.46926837337423,222.5144072842174,218.80169076819996,221.73802185058594,37455600,0.0,0.0
2024-09-13 00:00:00-04:00,222.54428285449177,223.00214343080088,220.8820208371711,221.4692840576172,36766600,0.0,0.0
2024-09-16 00:00:00-04:00,215.53686848493908,216.213726272445,212.92901053484562,215.31790161132812,59357400,0.0,0.0
2024-09-17 00:00:00-04:00,214.75053008791312,215.89519659483264,213.50632075947794,215.78570556640625,45519300,0.0,0.0
2024-09-18 00:00:00-04:00,216.54221012404864,221.67831024616868,216.5322467283196,219.66766357421875,59894900,0.0,0.0
2024-09-19 00:00:00-04:00,223.94775287051627,228.75538000957175,223.58941994126667,227.8097686767578,66781300,0.0,0.0
2024-09-20 00:00:00-04:00,228.90467282845125,232.01021467188832,226.56555305015522,227.1428680419922,318679900,0.0,0.0
2024-09-23 00:00:00-04:00,226.2868480598011,228.38707413181643,224.7639369712135,225.42088317871094,54146000,0.0,0.0
2024-09-24 00:00:00-04:00,227.59078065470555,228.28755007923567,224.6843092769655,226.31671142578125,43556100,0.0,0.0
2024-09-25 00:00:00-04:00,223.88801837861104,226.2370864319121,222.98224544035924,225.32135009765625,42308700,0.0,0.0
2024-09-26 00:00:00-04:00,226.24703661091274,227.44147457763864,224.36579263659118,226.4660186767578,36636700,0.0,0.0
2024-09-27 00:00:00-04:00,227.40166606122023,228.45675318264773,226.24703611440785,226.73475646972656,34026000,0.0,0.0
2024-09-30 00:00:00-04:00,228.97434440874213,231.92063903808594,228.58615167195362,231.92063903808594,54541900,0.0,0.0
2024-10-01 00:00:00-04:00,228.45675818805825,228.5861456381701,222.70353511874544,225.16209411621094,63285000,0.0,0.0
2024-10-02 00:00:00-04:00,224.84358511910924,226.31672490502262,221.98688498556473,225.72946166992188,32880600,0.0,0.0
2024-10-03 00:00:00-04:00,224.09704443839323,225.75930638603796,222.28548343692833,224.6245880126953,34044200,0.0,0.0
2024-10-04 00:00:00-04:00,226.8442543024003,226.9437971307691,223.09172964492672,225.74935913085938,37245100,0.0,0.0
2024-10-07 00:00:00-04:00,223.4600206171574,224.64451046166124,220.3047072265611,220.6630401611328,39505400,0.0,0.0
2024-10-08 00:00:00-04:00,223.26094483680066,224.93315503301397,222.2158058701156,224.72413635253906,31855700,0.0,0.0
2024-10-09 00:00:00-04:00,224.1866374402548,228.68570318762718,223.78849648056692,228.47666931152344,33591100,0.0,0.0
2024-10-10 00:00:00-04:00,226.72483093793394,228.43686442668115,226.11765609380726,227.97898864746094,28183500,0.0,0.0
2024-10-11 00:00:00-04:00,228.23778864704394,228.34727968813561,226.28686151162026,226.4958953857422,31759200,0.0,0.0
2024-10-14 00:00:00-04:00,227.64055393917852,230.65651637799863,227.54102629778745,230.228515625,39882100,0.0,0.0
2024-10-15 00:00:00-04:00,232.527799450427,236.38983016358188,231.29353829774286,232.76669311523438,64751400,0.0,0.0
2024-10-16 00:00:00-04:00,230.52712470524975,231.0447048824563,228.7752681420796,230.70628356933594,34082200,0.0,0.0
2024-10-17 00:00:00-04:00,232.348638945834,232.76670668063704,229.4521309302649,231.07456970214844,32993800,0.0,0.0
2024-10-18 00:00:00-04:00,235.0858880500012,235.0858880500012,232.92594240501305,233.91136169433594,46431500,0.0,0.0
2024-10-21 00:00:00-04:00,233.36392650842956,235.75281781754072,233.36392650842956,235.384521484375,36254500,0.0,0.0
2024-10-22 00:00:00-04:00,232.80651969699693,235.12572795126604,231.52250221800776,234.76739501953125,38846600,0.0,0.0
2024-10-23 00:00:00-04:00,232.99563706556216,234.05072423456664,226.7049068825192,229.69100952148438,52287000,0.0,0.0
2024-10-24 00:00:00-04:00,228.9146289407981,229.75074924052936,227.35190975750177,229.5019073486328,31109500,0.0,0.0
2024-10-25 00:00:00-04:00,228.6757355296476,232.1396101862481,228.50652487676712,230.33799743652344,38802300,0.0,0.0
2024-10-28 00:00:00-04:00,232.23917058038825,233.6426273223557,231.4727332926884,232.31878662109375,36087100,0.0,0.0
2024-10-29 00:00:00-04:00,232.02018805231754,233.24448591818899,231.24380255804743,232.58753967285156,35417200,0.0,0.0
2024-10-30 00:00:00-04:00,231.53242446311825,232.3884410824897,228.48660247896706,229.0340576171875,47070900,0.0,0.0
2024-10-31 00:00:00-04:00,228.27758291037028,228.76531846185907,224.32597264925337,224.8634796142578,64370100,0.0,0.0
2024-11-01 00:00:00-04:00,219.94634980146594,224.30606415529357,219.2495956140762,221.8773651123047,65276700,0.0,0.0
2024-11-04 00:00:00-05:00,219.96627293386246,221.75792231303782,218.69220372782075,220.98153686523438,44944500,0.0,0.0
2024-11-05 00:00:00-05:00,220.7725208689619,222.91255498009295,220.11557465497725,222.4148712158203,28111300,0.0,0.0
2024-11-06 00:00:00-05:00,221.57875664968802,225.02273483375984,220.16533664224426,221.68824768066406,54561100,0.0,0.0
2024-11-07 00:00:00-05:00,223.5894200604507,226.82436463330757,223.52970043689453,226.42620849609375,42137700,0.0,0.0
2024-11-08 00:00:00-05:00,226.366414165256,227.8511489598711,225.60910803907555,226.15716552734375,38328800,0.25,0.0
2024-11-11 00:00:00-05:00,224.20409384410638,224.90161465065876,220.7164746065314,223.4368133544922,42005600,0.0,0.0
2024-11-12 00:00:00-05:00,223.75568869738083,224.79200315214243,222.5698957238352,223.4368133544922,40398300,0.0,0.0
2024-11-13 00:00:00-05:00,223.21759527142092,225.8482560889112,221.97201694486657,224.32366943359375,48566200,0.0,0.0
2024-11-14 00:00:00-05:00,224.2240421118748,228.06041440281584,224.204108600429,227.4127197265625,44923900,0.0,0.0
2024-11-15 00:00:00-05:00,225.59912786989784,226.1172926822584,223.47667285882866,224.20408630371094,47923700,0.0,0.0
2024-11-18 00:00:00-05:00,224.45320372664565,228.92732633570628,224.3734848929754,227.21340942382812,44633700,0.0,0.0
2024-11-19 00:00:00-05:00,226.17708394083317,229.34584301691135,225.8582238051146,227.4724884033203,36211800,0.0,0.0
2024-11-20 00:00:00-05:00,227.25326410482543,229.11664435033194,225.0909420304879,228.18994140625,35169600,0.0,0.0
2024-11-21 00:00:00-05:00,228.07036655131708,229.34583747298603,224.9115819089953,227.71163940429688,42108300,0.0,0.0
2024-11-22 00:00:00-05:00,227.2532593649619,229.9038535446,227.2532593649619,229.05685424804688,38168300,0.0,0.0
2024-11-25 00:00:00-05:00,230.64124862727573,232.42491005721112,228.92733167542056,232.04624938964844,90152800,0.0,0.0
2024-11-26 00:00:00-05:00,232.50462429580293,234.73670603206307,232.50462429580293,234.22850036621094,45986200,0.0,0.0
2024-11-27 00:00:00-05:00,233.640604190904,234.85628986853752,232.9829351774668,234.09896850585938,33498400,0.0,0.0
2024-11-29 00:00:00-05:00,233.97938842310504,236.96877632211965,233.14236346053607,236.490478515625,28481400,0.0,0.0
2024-12-02 00:00:00-05:00,236.4306920263062,239.93822952974793,236.32108052902282,238.7424774169922,48137100,0.0,0.0
2024-12-03 00:00:00-05:00,238.96170621081686,241.90126799408412,238.05492154808562,241.79165649414062,38861000,0.0,0.0
2024-12-04 00:00:00-05:00,242.01088645785893,243.2465056559754,240.3966217802532,242.150390625,44383900,0.0,0.0
2024-12-05 00:00:00-05:00,243.12691898237586,243.6749612569442,241.27349790971317,242.18026733398438,40033900,0.0,0.0
2024-12-06 00:00:00-05:00,242.0507319698173,243.7646488451358,241.2236661935451,241.98097229003906,36870600,0.0,0.0
2024-12-09 00:00:00-05:00,240.97455722335047,246.36542364679892,240.89483838917155,245.8771514892578,44649200,0.0,0.0
2024-12-10 00:00:00-05:00,246.0166626912396,247.33200068563022,244.47214254503118,246.8935546875,36914800,0.0,0.0
2024-12-11 00:00:00-05:00,247.0828737526952,249.91282389632013,245.38887516358946,245.61807250976562,45205800,0.0,0.0
2024-12-12 00:00:00-05:00,246.01666340683192,247.8601253939288,244.81093690846672,247.0828857421875,32777500,0.0,0.0
2024-12-13 00:00:00-05:00,246.9433725816478,248.40815863747187,245.36895982515324,247.2522735595703,33155300,0.0,0.0
2024-12-16 00:00:00-05:00,247.11276354004562,250.49077111704125,246.7739547032778,250.15196228027344,51694800,0.0,0.0
2024-12-17 00:00:00-05:00,249.1953766416157,252.93211150871377,248.89643481128522,252.58334350585938,51356400,0.0,0.0
2024-12-18 00:00:00-05:00,251.26802371656945,253.38051965426092,246.86366065893745,247.1725616455078,56774100,0.0,0.0
2024-12-19 00:00:00-05:00,246.6245097734382,251.1085917693189,246.21595643132494,248.90640258789062,60882300,0.0,0.0
2024-12-20 00:00:00-05:00,247.16260139536695,254.09798847685343,244.82092317346877,253.5897979736328,147495300,0.0,0.0
2024-12-23 00:00:00-05:00,253.8688035675433,254.74568039470608,252.55346551957817,254.36703491210938,40858800,0.0,0.0
2024-12-24 00:00:00-05:00,254.58626151312842,257.2966260773909,254.386956808638,257.28668212890625,23234700,0.0,0.0
2024-12-26 00:00:00-05:00,257.27667867815336,259.1799258751944,256.7186620602343,258.1037292480469,27237100,0.0,0.0
2024-12-27 00:00:00-05:00,256.917949151404,257.78489719249416,252.16483330495137,254.68588256835938,42355300,0.0,0.0
2024-12-30 00:00:00-05:00,251.33776924994547,252.60328106925755,249.86300878941353,251.30787658691406,35557500,0.0,0.0
2024-12-31 00:00:00-05:00,251.5470385357527,252.38406352835983,248.54767617168994,249.5341796875,39480700,0.0,0.0
2025-01-02 00:00:00-05:00,248.0494437119358,248.21885574509324,240.96460876578237,242.9874267578125,55740700,0.0,0.0
2025-01-03 00:00:00-05:00,242.49916076660156,243.31625226562878,241.03435939639962,242.49916076660156,40244100,0.0,0.0
2025-01-06 00:00:00-05:00,243.4457849039297,246.45510633108967,242.33971076643533,244.1333465576172,45045600,0.0,0.0
2025-01-07 00:00:00-05:00,242.12049100282684,244.681407317594,240.496267218822,241.3532257080078,40856000,0.0,0.0
2025-01-08 00:00:00-05:00,241.06422159829904,242.84789810210984,239.20084146962273,241.84146118164062,37628900,0.0,0.0
2025-01-10 00:00:00-05:00,239.16098682233465,239.31046533751606,232.1757893628752,236.01217651367188,61710900,0.0,0.0
2025-01-13 00:00:00-05:00,232.7039288898965,233.8398957390806,228.90740850459227,233.5708465576172,49630700,0.0,0.0
2025-01-14 00:00:00-05:00,233.91960476413306,235.28475371553364,231.6476711610837,232.45480346679688,39435300,0.0,0.0
2025-01-15 00:00:00-05:00,233.80997931617492,238.11470496290485,233.60071548412043,237.02854919433594,39832000,0.0,0.0
2025-01-16 00:00:00-05:00,236.51041752509497,237.1680713225123,227.22337827123218,227.4525604248047,71759100,0.0,0.0
2025-01-17 00:00:00-05:00,231.2989028272768,231.4682996512766,227.67177943063626,229.16647338867188,68488300,0.0,0.0
2025-01-21 00:00:00-05:00,223.20762199269615,223.62613445935494,218.6039696546368,221.85243225097656,98070400,0.0,0.0
2025-01-22 00:00:00-05:00,219.0125058897086,223.32719072748344,219.0125058897086,223.03822326660156,64126500,0.0,0.0
2025-01-23 00:00:00-05:00,223.94503224654224,226.2269251350915,221.51366083038826,222.8688507080078,60234800,0.0,0.0
2025-01-24 00:00:00-05:00,223.9848686181573,224.831867935065,220.6267944226493,221.991943359375,54697900,0.0,0.0
2025-01-27 00:00:00-05:00,223.22755241503756,231.32878288695173,223.18768539696657,229.04689025878906,94863400,0.0,0.0
2025-01-28 00:00:00-05:00,230.03341371427896,239.3403714135585,229.99354669273774,237.4171905517578,75707600,0.0,0.0
2025-01-29 00:00:00-05:00,233.2918357915463,239.01153699982427,233.1822242894862,238.5133056640625,45486100,0.0,0.0
2025-01-30 00:00:00-05:00,237.825723654139,239.93821947161274,236.37089679279623,236.74954223632812,55658300,0.0,0.0
2025-01-31 00:00:00-05:00,246.31561143302469,246.31561143302469,232.61424963135997,235.16519165039062,100959800,0.0,0.0
2025-02-03 00:00:00-05:00,229.1764524471141,231.00994009075862,224.90161912474946,227.2034454345703,73063300,0.0,0.0
2025-02-04 00:00:00-05:00,226.44613087124998,232.3053359547129,225.84824721606736,231.97650146484375,45067300,0.0,0.0
2025-02-05 00:00:00-05:00,227.72160926815613,231.84696405052938,227.46253445166022,231.64767456054688,39620300,0.0,0.0
2025-02-06 00:00:00-05:00,230.47183871784506,232.9729696905443,229.61488023403817,232.39501953125,29925300,0.0,0.0
2025-02-07 00:00:00-05:00,231.77720359418535,233.1722451327125,226.4560818290891,226.8247833251953,39707200,0.0,0.0
2025-02-10 00:00:00-05:00,229.0094413336025,230.02693972945139,226.64521806905947,227.0941162109375,33115600,0.25,0.0
2025-02-11 00:00:00-05:00,227.64279618723114,234.6556296697615,227.57297502290857,232.052001953125,53718400,0.0,0.0
2025-02-12 00:00:00-05:00,230.63545743654387,236.38140252594314,230.11672290007743,236.29161071777344,45243300,0.0,0.0
2025-02-13 00:00:00-05:00,236.33153226758247,241.74826634141837,234.99480784534867,240.94024658203125,53614100,0.0,0.0
2025-02-14 00:00:00-05:00,240.66092045804314,244.9504238462646,240.40156080072015,244.00274658203125,40896200,0.0,0.0
2025-02-18 00:00:00-05:00,243.55383619329416,244.58131995427482,241.2494791133952,243.87306213378906,48822500,0.0,0.0
2025-02-19 00:00:00-05:00,244.06260076305156,245.40929524371262,242.56626341463,244.27207946777344,32204200,0.0,0.0
2025-02-20 00:00:00-05:00,244.34191013103748,246.1774135823035,243.69348816231408,245.229736328125,32316900,0.0,0.0
2025-02-21 00:00:00-05:00,245.34944139409683,248.08275639920348,244.6212281548445,244.95042419433594,53197400,0.0,0.0
2025-02-24 00:00:00-05:00,244.3319283268952,248.25234005966587,243.82317911276243,246.49664306640625,51326400,0.0,0.0
2025-02-25 00:00:00-05:00,247.3944454522674,249.38956194785018,244.3119941197594,246.43678283691406,48013300,0.0,0.0
2025-02-26 00:00:00-05:00,243.7333937698084,244.3818005030484,238.5460942392985,239.77308654785156,44433600,0.0,0.0
2025-02-27 00:00:00-05:00,238.82541422357912,241.86796980219768,236.48114634623442,236.72056579589844,41153600,0.0,0.0
2025-02-28 00:00:00-05:00,236.37142201455794,241.49887076126774,229.63790389196947,241.24948120117188,56833400,0.0,0.0
2025-03-03 00:00:00-05:00,241.19958958341564,243.43412542285543,235.53346633482454,237.4487762451172,47184000,0.0,0.0
2025-03-04 00:00:00-05:00,237.1295800554318,239.4838181516717,234.10696453181083,235.35391235351562,53798100,0.0,0.0
2025-03-05 00:00:00-05:00,234.84515699420854,235.97240266650644,228.67026910680244,235.1643829345703,47227600,0.0,0.0
2025-03-06 00:00:00-05:00,233.86756011302523,237.27920752401755,232.59068676229822,234.75538635253906,45170400,0.0,0.0
2025-03-07 00:00:00-05:00,234.53591456798168,240.78062356819368,234.1867631010968,238.4862518310547,46273600,0.0,0.0
2025-03-10 00:00:00-04:00,234.96486230654432,235.583358769024,223.6725108894593,226.92454528808594,72071200,0.0,0.0
2025-03-11 00:00:00-04:00,223.26351528828414,225.2885573705892,216.91904404485373,220.30076599121094,76137400,0.0,0.0
2025-03-12 00:00:00-04:00,219.60246770742089,221.20853706339403,214.38524243690583,216.45018005371094,62547500,0.0,0.0
2025-03-13 00:00:00-04:00,215.4227092543014,216.31053552178076,207.9110965632093,209.1680145263672,61368300,0.0,0.0
2025-03-14 00:00:00-04:00,210.7341834889886,213.42758776028128,209.06826301296118,212.96871948242188,60107600,0.0,0.0
2025-03-17 00:00:00-04:00,212.78914514941675,214.69448503570536,209.4573042902151,213.4774627685547,48073400,0.0,0.0
2025-03-18 00:00:00-04:00,213.63706605687162,214.62463892519543,210.97358751075308,212.170654296875,42432400,0.0,0.0
2025-03-19 00:00:00-04:00,213.6969181399133,218.22582565599035,213.22806456968678,214.7144317626953,54385400,0.0,0.0
2025-03-20 00:00:00-04:00,213.46749271646212,216.9589465476154,211.70181037410745,213.5772247314453,48862900,0.0,0.0
2025-03-21 00:00:00-04:00,211.04340788811464,218.30563028145062,210.764092813104,217.73703002929688,94127800,0.0,0.0
2025-03-24 00:00:00-04:00,220.460369765545,220.93919345594836,218.04628066528426,220.19102478027344,44299500,0.0,0.0
2025-03-25 00:00:00-04:00,220.23093972638688,223.55281053469957,219.54262209652958,223.2036590576172,34493600,0.0,0.0
2025-03-26 00:00:00-04:00,222.96422035625233,224.47054292972726,219.93165022699972,220.9890594482422,34466100,0.0,0.0
2025-03-27 00:00:00-04:00,220.84940592957574,224.4406214835582,220.0214308095873,223.30340576171875,37094800,0.0,0.0
2025-03-28 00:00:00-04:00,221.12873402087155,223.26350805320467,217.1484711493609,217.36793518066406,39818600,0.0,0.0
2025-03-31 00:00:00-04:00,216.48010744476517,225.06908447075043,215.7020132379398,221.58761596679688,65299300,0.0,0.0
2025-04-01 00:00:00-04:00,219.27326790744206,223.13381331282267,218.36548628233527,222.64501953125,36412700,0.0,0.0
2025-04-02 00:00:00-04:00,220.77959080525144,224.6401362151353,220.4803202973195,223.3433074951172,35905900,0.0,0.0
2025-04-03 00:00:00-04:00,205.03811566571247,206.9833664271943,200.75859747782033,202.69386291503906,103419000,0.0,0.0
2025-04-04 00:00:00-04:00,193.4165691841804,199.39194860307396,186.88255957870848,187.92002868652344,125910900,0.0,0.0
2025-04-07 00:00:00-04:00,176.76731422169505,193.6759230716255,174.19361217758157,181.0169219970703,160466300,0.0,0.0
2025-04-08 00:00:00-04:00,186.244123618335,189.87523506652792,168.79683943762106,171.99899291992188,120859500,0.0,0.0
2025-04-09 00:00:00-04:00,171.53013119082922,200.1201531468693,171.47028013366514,198.3644561767578,184395900,0.0,0.0
2025-04-10 00:00:00-04:00,188.6083530498886,194.30440235729913,182.55316692796467,189.95504760742188,121880000,0.0,0.0
2025-04-11 00:00:00-04:00,185.64558871717136,199.05275825525484,185.60567786476867,197.66615295410156,87435900,0.0,0.0
2025-04-14 00:00:00-04:00,210.9237150406947,212.42005238891582,200.66881763194172,202.02549743652344,101352900,0.0,0.0
2025-04-15 00:00:00-04:00,201.36710824854455,203.01307326666696,199.31214069618733,201.64642333984375,51343900,0.0,0.0
2025-04-16 00:00:00-04:00,197.8756484915953,200.2099310657198,191.9002692932641,193.79563903808594,59732400,0.0,0.0
2025-04-17 00:00:00-04:00,196.71848747425943,198.34451232255947,193.9452767059697,196.4990234375,52164700,0.0,0.0
2025-04-21 00:00:00-04:00,192.79807124065385,193.32677585155812,189.3465132845993,192.68833923339844,46742500,0.0,0.0
2025-04-22 00:00:00-04:00,195.64111763020085,201.097762433896,195.49148998245192,199.25228881835938,52976400,0.0,0.0
2025-04-23 00:00:00-04:00,205.49700887470834,207.4921254657249,202.30482537338813,204.10043334960938,52929200,0.0,0.0
2025-04-24 00:00:00-04:00,204.38970763388747,208.32008954356945,202.44447210591895,207.8612060546875,47311000,0.0,0.0
2025-04-25 00:00:00-04:00,205.86608387594285,209.2378355121778,205.69650080604464,208.76898193359375,38222300,0.0,0.0
2025-04-28 00:00:00-04:00,209.48723454234343,210.98357193193158,206.95344326011445,209.62689208984375,38743100,0.0,0.0
2025-04-29 00:00:00-04:00,208.18042396697467,211.72175863443914,207.86119803545407,210.69427490234375,36827600,0.0,0.0
2025-04-30 00:00:00-04:00,208.78894157113288,213.0584895980106,206.16535854293033,211.9811248779297,52286500,0.0,0.0
2025-05-01 00:00:00-04:00,208.56948083895412,214.0360957896086,208.3899124386699,212.79913330078125,57365700,0.0,0.0
2025-05-02 00:00:00-04:00,205.58677037884885,206.48458191182934,201.66637387157866,204.8485870361328,101010600,0.0,0.0
2025-05-05 00:00:00-04:00,202.6040848015313,203.60164304236298,197.72602561272546,198.40435791015625,69018500,0.0,0.0
2025-05-06 00:00:00-04:00,197.72601327833053,200.16004244803628,196.53891661034845,198.0252685546875,51216500,0.0,0.0
2025-05-07 00:00:00-04:00,198.6836658614824,198.95301083885846,192.77812311451905,195.7707977294922,68536700,0.0,0.0
2025-05-08 00:00:00-04:00,197.2372161152265,199.56152863729463,194.20463054641704,197.00778198242188,50478900,0.0,0.0
2025-05-09 00:00:00-04:00,198.51409591462888,200.0503289543839,197.05765414160055,198.0452423095703,36453900,0.0,0.0
2025-05-12 00:00:00-04:00,210.7308445260501,211.03050749278242,206.5156271207593,210.55104064941406,63775800,0.26,0.0
2025-05-13 00:00:00-04:00,210.19144790738707,213.1580823159532,208.76307628033234,212.68861389160156,51909300,0.0,0.0
2025-05-14 00:00:00-04:00,212.18917192393894,213.69746987061376,210.34127831689767,212.08929443359375,49325800,0.0,0.0
2025-05-15 00:00:00-04:00,210.71086343228015,212.71859464512332,209.30245815432872,211.21029663085938,45029500,0.0,0.0
2025-05-16 00:00:00-04:00,212.11926693678467,212.32903558469047,209.53220664773164,211.0205078125,54737900,0.0,0.0
2025-05-19 00:00:00-04:00,207.67431083672193,209.24252311349682,204.02843943795537,208.54331970214844,46140500,0.0,0.0
2025-05-20 00:00:00-04:00,207.4345828831543,208.2336790492342,204.79757620413463,206.62550354003906,42496600,0.0,0.0
2025-05-21 00:00:00-04:00,204.93741112479617,206.80528635778637,200.4824756537251,201.86090087890625,59211800,0.0,0.0
2025-05-22 00:00:00-04:00,200.48247209416806,202.52015274475195,199.4736073247078,201.13172912597656,46742400,0.0,0.0
2025-05-23 00:00:00-04:00,193.45045269257122,197.4758830409797,193.24069928507132,195.04864501953125,78432900,0.0,0.0
2025-05-27 00:00:00-04:00,198.07520901450675,200.51244545494848,197.20618488735448,199.98304748535156,56288500,0.0,0.0
2025-05-28 00:00:00-04:00,200.36260025266836,202.50017366149785,199.67338002302156,200.1927947998047,45339700,0.0,0.0
2025-05-29 00:00:00-04:00,203.3492174371598,203.57895243464628,198.28495762525483,199.72332763671875,51396800,0.0,0.0
2025-05-30 00:00:00-04:00,199.14398126681596,201.73105672211125,196.55692105301176,200.622314453125,70819900,0.0,0.0
2025-06-02 00:00:00-04:00,200.05295557621693,201.9008644592711,199.89313329888972,201.47134399414062,35423300,0.0,0.0
2025-06-03 00:00:00-04:00,201.1217444882778,203.5389992121068,200.7321872237246,203.03956604003906,46381600,0.0,0.0
2025-06-04 00:00:00-04:00,202.67998220748078,206.00620910456834,201.8709028727957,202.590087890625,43604000,0.0,0.0
2025-06-05 00:00:00-04:00,203.26931435006063,204.5178973620389,199.92310578136215,200.40257263183594,55126100,0.0,0.0
2025-06-06 00:00:00-04:00,202.76987228695742,205.4668084267123,201.82095228760733,203.68882751464844,46607700,0.0,0.0
2025-06-09 00:00:00-04:00,204.15830357568726,205.76647909477697,199.79326227022588,201.2216339111328,72862600,0.0,0.0
2025-06-10 00:00:00-04:00,200.3726011094186,204.11835001917973,200.34263633745982,202.44024658203125,54672600,0.0,0.0
2025-06-11 00:00:00-04:00,203.26930749599725,204.26817387189894,198.18508130061548,198.55465698242188,60989900,0.0,0.0
2025-06-12 00:00:00-04:00,198.85432303920933,199.45363372918547,197.13627162659284,198.97418212890625,43904600,0.0,0.0
2025-06-13 00:00:00-04:00,199.50357538920457,200.1428492549886,195.47814514596445,196.227294921875,51447300,0.0,0.0
2025-06-16 00:00:00-04:00,197.07634287373045,198.46476655376847,196.33717625414866,198.195068359375,43020700,0.0,0.0
2025-06-17 00:00:00-04:00,196.97644196425614,198.16509536417735,194.98870767431248,195.418212890625,38856200,0.0,0.0
2025-06-18 00:00:00-04:00,195.71787336797544,197.3460303816964,194.84886452825484,196.35714721679688,45394700,0.0,0.0
2025-06-20 00:00:00-04:00,198.01527480684123,201.47134391409438,196.6368343380514,200.7721405029297,96813500,0.0,0.0
2025-06-23 00:00:00-04:00,201.40143343464243,202.07067208145295,198.73446202428119,201.27157592773438,55814300,0.0,0.0
2025-06-24 00:00:00-04:00,202.36033429336192,203.2093768046809,199.9730442780961,200.07293701171875,54064000,0.0,0.0
2025-06-25 00:00:00-04:00,201.2216365357081,203.43912119943792,200.39257558111612,201.33151245117188,39525700,0.0,0.0
2025-06-26 00:00:00-04:00,201.20164572639828,202.41028074115465,199.23389299836737,200.7721405029297,50799100,0.0,0.0
2025-06-27 00:00:00-04:00,201.66113009938155,202.98962419564972,199.77327327657756,200.85205078125,73188600,0.0,0.0
2025-06-30 00:00:00-04:00,201.78098710410558,207.15489297707504,199.0341046248948,204.93740844726562,91912800,0.0,0.0
2025-07-01 00:00:00-04:00,206.4357061767528,209.95171998702364,205.90630823197938,207.58441162109375,78788900,0.0,0.0
2025-07-02 00:00:00-04:00,208.6731759252599,213.09814660534315,207.9040445567577,212.1991729736328,67941800,0.0,0.0
2025-07-03 00:00:00-04:00,211.90950026104147,214.40666625629999,211.56988934364432,213.30792236328125,34955800,0.0,0.0
2025-07-07 00:00:00-04:00,212.43889126622693,215.9848699115094,208.56330013289198,209.7119903564453,50229000,0.0,0.0
2025-07-08 00:00:00-04:00,209.86183643928914,211.1903153368944,208.213697736729,209.7719268798828,42848900,0.0,0.0
2025-07-09 00:00:00-04:00,209.2924745188519,211.09043707809712,206.98509558510867,210.90065002441406,48749400,0.0,0.0
2025-07-10 00:00:00-04:00,210.27134950514616,213.23798377907798,209.7918979255535,212.16920471191406,44443600,0.0,0.0
2025-07-11 00:00:00-04:00,210.33129628612954,211.88952536572023,209.6220944658076,210.92062377929688,39765800,0.0,0.0
2025-07-14 00:00:00-04:00,209.69201166358403,210.67091168904602,207.3047216270235,208.3834991455078,38840100,0.0,0.0
2025-07-15 00:00:00-04:00,208.9828312368767,211.64980271899068,208.6831682659836,208.87295532226562,42296300,0.0,0.0
2025-07-16 00:00:00-04:00,210.06160887608695,212.1592191902425,208.40348697906978,209.92176818847656,47490500,0.0,0.0
2025-07-17 00:00:00-04:00,210.33130094399476,211.5599023237274,209.35240091776063,209.78192138671875,48068100,0.0,0.0
2025-07-18 00:00:00-04:00,210.63095139102305,211.54990664350106,209.46227954032304,210.9405975341797,48974600,0.0,0.0
2025-07-21 00:00:00-04:00,211.8595616297783,215.53538252867688,211.39009321998003,212.23912048339844,51377400,0.0,0.0
2025-07-22 00:00:00-04:00,212.89838571641525,214.7063314773177,211.9894136266437,214.15695190429688,46404100,0.0,0.0
2025-07-23 00:00:00-04:00,214.75626907170553,214.90609293027538,212.1692088371252,213.9072265625,46989300,0.0,0.0
2025-07-24 00:00:00-04:00,213.65751035981805,215.44548969662856,213.28793468034502,213.51766967773438,46022600,0.0,0.0
2025-07-25 00:00:00-04:00,214.45660521718813,214.9960015887686,213.15807589620647,213.63754272460938,40268800,0.0,0.0
2025-07-28 00:00:00-04:00,213.78737619229818,214.60645396318566,212.81847455673218,213.80735778808594,37858000,0.0,0.0
2025-07-29 00:00:00-04:00,213.93719187335407,214.5664825639156,210.58101550100253,211.03050231933594,51411700,0.0,0.0
2025-07-30 00:00:00-04:00,211.65977882345743,212.14922883427738,207.48452469073794,208.81301879882812,45512500,0.0,0.0
2025-07-31 00:00:00-04:00,208.25365677749065,209.60211724381097,206.92516266487007,207.33470153808594,80698400,0.0,0.0
2025-08-01 00:00:00-04:00,210.63095505795985,213.33788973606855,201.27158167093614,202.1505889892578,104434500,0.0,0.0
2025-08-04 00:00:00-04:00,204.27816503495924,207.64435521756303,201.4513712516652,203.11949157714844,75109300,0.0,0.0
2025-08-05 00:00:00-04:00,203.1694082424696,205.1072113881769,201.93082373064988,202.68995666503906,44155100,0.0,0.0
2025-08-06 00:00:00-04:00,205.39689808550258,215.1358452662651,205.35693489516686,213.0082550048828,108483100,0.0,0.0
2025-08-07 00:00:00-04:00,218.63187314031333,220.59964108330854,216.33447747046458,219.7805633544922,90224800,0.0,0.0
2025-08-08 00:00:00-04:00,220.57966572513484,230.73813503605493,219.00145500716468,229.0900115966797,113854000,0.0,0.0
2025-08-11 00:00:00-04:00,227.9199981689453,229.55999755859375,224.75999450683594,227.17999267578125,61806100,0.26,0.0
2025-08-12 00:00:00-04:00,228.00999450683594,230.8000030517578,227.07000732421875,229.64999389648438,55626200,0.0,0.0
2025-08-13 00:00:00-04:00,231.07000732421875,235.0,230.42999267578125,233.3300018310547,69878500,0.0,0.0
2025-08-14 00:00:00-04:00,234.05999755859375,235.1199951171875,230.85000610351562,232.77999877929688,51916300,0.0,0.0
2025-08-15 00:00:00-04:00,234.0,234.27999877929688,229.33999633789062,231.58999633789062,56038700,0.0,0.0
2025-08-18 00:00:00-04:00,231.6999969482422,233.1199951171875,230.11000061035156,230.88999938964844,37476200,0.0,0.0
2025-08-19 00:00:00-04:00,231.27999877929688,232.8699951171875,229.35000610351562,230.55999755859375,39402600,0.0,0.0
2025-08-20 00:00:00-04:00,229.97999572753906,230.47000122070312,225.77000427246094,226.00999450683594,42263900,0.0,0.0
2025-08-21 00:00:00-04:00,226.27000427246094,226.52000427246094,223.77999877929688,224.89999389648438,30621200,0.0,0.0
2025-08-22 00:00:00-04:00,226.1699981689453,229.08999633789062,225.41000366210938,227.75999450683594,42477800,0.0,0.0
2025-08-25 00:00:00-04:00,226.47999572753906,229.3000030517578,226.22999572753906,227.16000366210938,30983100,0.0,0.0
2025-08-26 00:00:00-04:00,226.8699951171875,229.49000549316406,224.69000244140625,229.30999755859375,54575100,0.0,0.0
2025-08-27 00:00:00-04:00,228.61000061035156,230.89999389648438,228.25999450683594,230.49000549316406,31259500,0.0,0.0
2025-08-28 00:00:00-04:00,230.82000732421875,233.41000366210938,229.33999633789062,232.55999755859375,38074700,0.0,0.0
2025-08-29 00:00:00-04:00,232.50999450683594,233.3800048828125,231.3699951171875,232.13999938964844,39418400,0.0,0.0
2025-09-02 00:00:00-04:00,229.25,230.85000610351562,226.97000122070312,229.72000122070312,44075600,0.0,0.0
2025-09-03 00:00:00-04:00,237.2100067138672,238.85000610351562,234.36000061035156,238.47000122070312,66427800,0.0,0.0
2025-09-04 00:00:00-04:00,238.4499969482422,239.89999389648438,236.74000549316406,239.77999877929688,47549400,0.0,0.0
2025-09-05 00:00:00-04:00,240.0,241.32000732421875,238.49000549316406,239.69000244140625,54870400,0.0,0.0
2025-09-08 00:00:00-04:00,239.3000030517578,240.14999389648438,236.33999633789062,237.8800048828125,48999500,0.0,0.0
2025-09-09 00:00:00-04:00,237.0,238.77999877929688,233.36000061035156,234.35000610351562,66313900,0.0,0.0
2025-09-10 00:00:00-04:00,232.19000244140625,232.4199981689453,225.9499969482422,226.7899932861328,83440800,0.0,0.0
2025-09-11 00:00:00-04:00,226.8800048828125,230.4499969482422,226.64999389648438,230.02999877929688,50208600,0.0,0.0
2025-09-12 00:00:00-04:00,229.22000122070312,234.50999450683594,229.02000427246094,234.07000732421875,55776500,0.0,0.0
