Date,Open,High,Low,Close,Volume,Dividends,Stock Splits,SMA_5,EMA_5,SMA_10,EMA_10,SMA_20,EMA_20,SMA_50,EMA_50,SMA_100,EMA_100,SMA_200,EMA_200,RSI,MACD,MACD_Signal,MACD_Hist,BB_Middle,BB_Upper,BB_Lower,BB_Width,BB_Position,Stoch_K,Stoch_D,ATR,ADX,Plus_DI,Minus_DI,CCI,Williams_R,OBV,Volume_MA_20,Volume_MA_50,VWAP,ROC_5,ROC_10,ROC_20,MFI,Tenkan,Kijun,Senkou_A,Senkou_B,Momentum,Volatility,Price_Change,Price_Change_5d,High_52w,Low_52w,High_20d,Low_20d,Dist_SMA_10,Dist_SMA_20,Dist_SMA_50,Dist_SMA_200,SMA_10_Slope,SMA_20_Slope,SMA_50_Slope,Pivot,R1,S1,R2,S2,Fib_382,Fib_500,Fib_618
2025-08-08 00:00:00-04:00,76.94000244140625,79.36000061035156,71.63999938964844,74.31999969482422,24410900,0.0,0.0,,74.31999969482422,,74.31999969482422,,74.31999969482422,,74.31999969482422,,74.31999969482422,,74.31999969482422,,0.0,0.0,0.0,,,,,,,,,,,,,,0.0,,,75.1066665649414,,,,,,,,,,,,,,,,,,,,,,,,,,,,,,,
2025-08-11 00:00:00-04:00,74.93000030517578,82.5,72.54000091552734,72.69000244140625,23837600,0.0,0.0,,73.77666727701823,,74.02363655783913,,74.16476186116536,,74.25607823390587,,74.2877225214892,,74.30378081668076,,-0.13002827092793723,-0.026005654185587448,-0.10402261674234978,,,,,,,,,,,,,,-23837600.0,,,75.50356113711048,,,,,,,,,,,-2.1932148279213304,,,,,,,,,,,,,75.1066665649414,78.57333374023438,70.85333251953125,82.82666778564453,67.38666534423828,,,
2025-08-12 00:00:00-04:00,74.37000274658203,75.69999694824219,72.13999938964844,74.94999694824219,12333300,0.0,0.0,,74.16777716742622,,74.19206571973058,,74.23954615517268,,74.2832907325073,,74.30083686657342,,74.31021082794007,,-0.0501360066261185,-0.03083172467369366,-0.01930428195242484,,,,,,,,,,,,,,-11504300.0,,,75.2510739351174,,,,,,,,,,,3.109085748975815,,,,,,,,,,,,,75.91000111897786,79.28000132242838,69.32000223795572,85.87000020345052,65.9500020345052,,,
2025-08-13 00:00:00-04:00,75.54000091552734,77.55999755859375,72.83999633789062,75.4000015258789,12256400,0.0,0.0,,74.57851862024378,,74.41169041175755,,74.35006571428755,,74.32708331263953,,74.32260250339134,,74.32105451647678,,0.04892679930929944,-0.01488001987709504,0.06380681918639448,,,,,,,,,,,,,,752100.0,,,75.25369744933354,,,,,,,,,,,0.6004063988788166,,,,,,,,,,,,,74.26333109537761,76.38666280110678,72.82666524251303,77.82332865397136,70.70333353678386,,,
2025-08-14 00:00:00-04:00,74.63999938964844,78.15899658203125,74.3499984741211,76.58000183105469,11179600,0.0,0.0,74.78800048828126,75.2456796905141,,74.80592885162974,,74.56244058255109,,74.41543305845974,,74.36730348017674,,74.34353160418404,,0.22011361691592413,0.0321187074815088,0.18799490943441532,,,,,,,,,,,,,,11931700.0,,,75.40130363749253,,,,,,,,,,,1.5649871104721047,,,,,,,,,,,,,75.26666514078777,77.6933339436849,72.97333272298178,79.98666636149089,70.54666392008464,,,
2025-08-15 00:00:00-04:00,76.8499984741211,77.69999694824219,73.5,75.02999877929688,8547000,0.0,0.0,74.93000030517578,75.17378605344169,,74.84666883847831,,74.60696993462213,,74.43953367496317,,74.38042615936725,,74.3503621233394,,0.22807895858240101,0.07131075770168724,0.15676820088071378,,,,,,,,,,,,,,3384700.0,,,75.40210648736753,0.9553270820614681,,,,,,,,,,-2.024031097801904,0.9553270820614681,,,,,,,,,,,,76.36299896240234,78.3759994506836,74.56700134277344,80.1719970703125,72.55400085449219,,,
2025-08-18 00:00:00-04:00,73.93499755859375,74.16699981689453,69.01000213623047,72.20999908447266,12362200,0.0,0.0,74.83399963378906,74.18585706378535,,74.36727433775,,74.37868699651266,,74.35210094592433,,74.33744740540894,,74.32906497867407,,0.006763179861252411,0.058401242133600276,-0.051638062272347865,,,,,,,,,,,,,,-8977500.0,,,74.97720607016505,-0.6603430194138644,,,,,,,,,,-3.758496255770094,-0.6603430194138644,,,,,,,,,,,,75.40999857584636,77.31999715169272,73.12000020345053,79.60999552408855,71.21000162760417,,,
2025-08-19 00:00:00-04:00,70.76000213623047,71.68000030517578,66.87999725341797,69.29000091552734,11975300,0.0,0.0,73.70200042724609,72.55390501436602,,73.4441337155277,,73.894050226895,,74.1535872192421,,74.23749796996574,,74.27892503774723,,-0.3996437734100482,-0.033207760975129424,-0.36643601243491875,,,,,,,,,,,,,,-20952800.0,,,74.39393405347818,-7.551696148331316,,,,,,,,,,-4.0437587674380655,-7.551696148331316,,,,,,,,,,,,71.79566701253255,74.58133188883463,69.42433420817056,76.95266469319661,66.63866933186848,,,
2025-08-20 00:00:00-04:00,67.3550033569336,69.13999938964844,66.08000183105469,68.16999816894531,8741100,0.0,0.0,72.25599975585938,71.09260273255913,,72.48519997978543,,73.34890241185218,,73.91893666825007,,74.11734945905445,,74.21813969576911,,-0.8028443829834657,-0.1871350853767967,-0.615709297606669,,,,,,,,,,,,,,-29693900.0,,,73.93495749177067,-9.588863674561201,,,,74.29000091552734,,,,,,-1.616398804709851,-9.588863674561201,,,,,,,,,,,,69.28333282470703,71.6866683959961,66.88666534423828,74.08333587646484,64.48332977294922,,,
2025-08-21 00:00:00-04:00,68.20999908447266,69.5,64.81999969482422,68.27999877929688,11981300,0.0,0.0,70.59599914550782,70.15506808147171,72.69199981689454,71.72061794333297,,72.86614968494214,,73.69780184907545,,74.001758356485,,74.15905371650074,,-1.1008180952652538,-0.36987168735448817,-0.7309464079107656,,,,,,,,,,,,,,-17712600.0,,,73.377646299641,-10.838342717813829,,,,73.65999984741211,,,,,,0.161362202297477,-10.838342717813829,,,,,-6.069445122862416,,,,,,,67.79666646321614,69.5133310953776,66.45333353678384,70.85666402180989,64.73666890462239,,,
2025-08-22 00:00:00-04:00,67.76000213623047,69.75,66.41000366210938,67.87999725341797,10399100,0.0,0.0,69.16599884033204,69.39671113878714,72.04799957275391,71.02232327243932,,72.39127802479699,,73.46965264924575,,73.88053536434505,,74.09657554273872,,-1.3536373010231983,-0.5666248100882303,-0.7870124909349681,,,,,,,,,,,,,,-28111700.0,,,73.00078782286647,-9.529523713456085,-8.665234752220732,,,71.48949813842773,,,,-6.44000244140625,,-0.5858253266404434,-9.529523713456085,,,,,-5.785035454214244,,,,,,,67.53333282470703,70.24666595458984,65.56666564941406,72.21333312988281,62.85333251953125,,,
2025-08-25 00:00:00-04:00,68.48999786376953,72.9000015258789,68.16000366210938,72.30999755859375,10729600,0.0,0.0,69.18599853515624,70.36780661205601,72.00999908447265,71.25644586992195,,72.38353702801574,,73.4241759790241,,73.84943560581532,,74.0787986473741,,-1.1828986224887927,-0.6898795725683429,-0.49301904992044987,,,,,,,,,,,,,,-17382100.0,,,72.8738971492327,0.138482863023047,-0.5227746183098746,,,71.48949813842773,,,,-0.3800048828125,,6.5262234596698,0.138482863023047,,,,,0.4166066906474723,,,,,,,68.01333363850911,69.61666361490884,66.27666727701822,71.35332997639973,64.67333730061848,,,
2025-08-26 00:00:00-04:00,72.44999694824219,75.43000030517578,69.26000213623047,69.83000183105469,13317900,0.0,0.0,69.29399871826172,70.18853835172224,71.49799957275391,70.99709240830971,,72.14034319973373,,73.28322797322139,,73.76984285780026,,74.0365220621371,,-1.2334830933838816,-0.7986002767314506,-0.434882816652431,,,,,,,,,,,,,,-30700000.0,,,72.7680769463457,0.7793345481199637,-6.831214577264342,,,71.48949813842773,,,,-5.1199951171875,,-3.4296719835033684,0.7793345481199637,,,,,-2.3329292451069588,,,,,,,71.12333424886067,74.08666483561197,69.34666697184244,75.8633321126302,66.38333638509114,,,
2025-08-27 00:00:00-04:00,70.0999984741211,72.31999969482422,68.73999786376953,71.4000015258789,6883200,0.0,0.0,69.93999938964843,70.59235940977447,71.0979995727539,71.0703486115041,,72.06983446889042,,73.20937595567854,,73.7229153066731,,74.01028802695045,43.63002093756345,-1.1338158730634689,-0.8656433959978543,-0.26817247706561453,,,,,,37.217204284371,,5.094213758196149,,,,,-62.78279571562899,-23816800.0,,,72.69314725562725,4.738159665090052,-5.3050396804396796,,53.76513828144029,71.2599983215332,,,,-4.0,,2.2483168461353342,4.738159665090052,,,,,0.4247685658384302,,,,,,,71.50666809082031,73.75333404541016,67.58333587646484,77.67666625976562,65.336669921875,,,
2025-08-28 00:00:00-04:00,71.51000213623047,74.2699966430664,70.10099792480469,73.5,7604100,0.0,0.0,70.98399963378907,71.56157293984965,70.78999938964844,71.51210340941245,,72.20604070994848,,73.22077297702447,,73.71850114218452,,74.00521053414498,48.36131134123981,-0.8752867951268399,-0.8675720758236515,-0.007714719303188455,,,,,,49.09502350310893,,4.840570722307477,,20.42114110846896,15.420266353360985,,-50.90497649689107,-16212700.0,,,72.69031516364473,7.6449931371203785,-4.021940137647903,,55.94228181412425,70.125,,,,-3.0800018310546875,,2.9411742706475286,7.6449931371203785,,,,,3.828225220676916,,,,-1.9020004272460938,,,70.81999969482422,72.9000015258789,69.31999969482422,74.4000015258789,67.23999786376953,,,
2025-08-29 00:00:00-04:00,73.8499984741211,73.87000274658203,71.06999969482422,71.13999938964844,6926700,0.0,0.0,71.63600006103516,71.42104842311592,70.4009994506836,71.44444813309171,,72.10451296515801,,73.13917401281365,,73.66744170154024,,73.97670097051815,46.990285336392596,-0.8510229018982329,-0.8642622410385679,0.013239339140334927,,,,,,47.3798723267228,44.56403337140091,4.3291424342564175,,17.65278270636836,17.24195749477185,,-52.6201276732772,-23139400.0,,,72.66655682222914,4.802596152235875,-5.1845921004090565,,45.60982325418349,70.125,,,,-3.8899993896484375,,-3.2108851841517905,4.802596152235875,,,,,1.049700920059399,,,,-1.6470001220703097,,,72.62366485595703,75.14633178710938,70.97733306884766,76.79266357421875,68.45466613769531,,,
2025-09-02 00:00:00-04:00,68.91000366210938,69.3499984741211,66.06999969482422,67.30999755859375,9213200,0.0,0.0,70.63600006103516,70.05069813494187,69.9109992980957,70.69272984681936,,71.64789245024713,,72.9105788577462,,73.5415517185116,,73.91036561318558,36.01757441171017,-1.1278416740465929,-0.916978127640173,-0.2108635464064199,,,,,,18.667054837966127,38.380650222599286,4.4369997297014505,,17.223668098350146,24.228088426208526,,-81.33294516203388,-32352600.0,,,72.4352073593459,-6.9146731694305945,-6.785765943781262,,46.93128449978331,70.125,,,,-4.900001525878906,,-5.383752971485112,-6.9146731694305945,,,,,-3.7204470907524296,,,,-2.0989997863769503,,,72.02666727701823,72.98333485921225,70.18333180745444,74.82667032877605,69.22666422526042,,,
2025-09-03 00:00:00-04:00,68.30999755859375,68.77999877929688,65.41000366210938,65.98999786376953,7238100,0.0,0.0,69.86799926757813,68.69713137788443,69.58099899291992,69.83768766808302,,71.10904534677307,,72.63918352464907,,73.3920159986157,,73.83155598383816,33.30967923527437,-1.4371687028206424,-1.0210162426762668,-0.41615246014437557,,,,,,8.771260529098834,24.93939589792925,4.340570722307477,,14.545481709814284,25.852425027451414,,-91.22873947090116,-39590700.0,,,72.23839085545194,-5.499074705132595,-4.762596346016656,,39.535437376509286,70.125,,,,-3.3000030517578125,,-1.9610752380062824,-5.499074705132595,,,,,-5.160893320194757,,,,-1.9170005798339957,,,67.57666524251302,69.08333079020181,65.80333201090494,70.85666402180989,64.29666646321614,,,
2025-09-04 00:00:00-04:00,66.01000213623047,66.55000305175781,63.02799987792969,64.18000030517578,8081700,0.0,0.0,68.4239990234375,67.19142102031489,69.18199920654297,68.80901723846353,,70.44913629519237,,72.30745084937561,,73.20959984627036,,73.73552060395097,28.48715881821154,-1.8075282177557028,-1.1783186376921542,-0.6292095800635487,,,,,,7.8516947742381005,11.763336713767687,4.320071084158761,,13.624110912011748,29.913533689946153,,-92.1483052257619,-47672400.0,,,71.9547251335281,-10.112046311492358,-5.853011546048663,,31.809590866243596,69.22900009155273,,,,-3.9899978637695312,,-2.742836213346045,-10.112046311492358,,,,,-7.230202883316094,,,,-1.9160003662109375,,,66.72666676839192,68.04332987467447,64.67333475748697,70.09666188557942,63.35667165120442,,,
2025-09-05 00:00:00-04:00,64.69999694824219,64.9800033569336,61.4010009765625,63.04999923706055,6903900,0.0,0.0,66.33399887084961,65.81094709256345,68.65899925231933,67.76192305639024,70.67549953460693,69.7444565753703,,71.94441353124562,,73.008419636187,,73.62919700826052,28.908449810332968,-2.1672398520672402,-1.3761028805671716,-0.7911369715000687,70.67549953460693,78.37495900511082,62.97604006410304,15.398918941007786,0.004802880854223649,11.754211557589722,9.459055620308886,4.2757143293108255,,13.765449013952386,31.521889581530395,-131.5859692673531,-88.24578844241027,-54576300.0,11246110.0,,71.6842731357598,-14.217688112842794,-7.659636256206426,,32.535242536907276,68.41550064086914,,,,-5.229999542236328,,-1.760674762764225,-14.217688112842794,,,82.5,61.4010009765625,-8.169358825994411,-10.789453697193158,,,-2.13100013732911,,,64.58600107828777,66.14400227864584,62.62199910481772,68.10800425211589,61.06399790445964,,,
2025-09-08 00:00:00-04:00,62.650001525878906,63.25,61.57500076293945,62.720001220703125,8654600,0.0,0.0,64.64999923706054,64.78063180194334,68.14299964904785,66.84520999535621,70.09549961090087,69.07546082730676,,71.58267187200866,,72.80468857845464,,73.52064779644402,31.686608805753693,-2.4506919446182565,-1.5910206933773885,-0.859671251240868,70.09549961090087,78.36551565403302,61.82548356776873,16.54003208626429,0.05408197809224634,9.401955287362636,9.66928720639682,3.9653573717389787,,14.842830564989512,25.90111609865371,-122.70952920571506,-90.59804471263736,-63230900.0,10458295.0,,71.34452883941614,-11.83581422713718,-7.601644433559581,-15.608178850583254,33.81674908699206,68.41550064086914,,,,-5.159996032714844,46.63973981484024,-0.523390991832795,-11.83581422713718,,,82.5,61.4010009765625,-7.958261973019118,-10.522071218750185,,,-2.257999801635748,,,63.14366785685221,64.88633473714192,61.30733235677083,66.7226702372233,59.56466547648112,,,
2025-09-09 00:00:00-04:00,63.369998931884766,64.54000091552734,62.279998779296875,63.150001525878906,7642000,0.0,0.0,63.81800003051758,64.23708837658853,67.22700004577636,66.1733539099967,69.61849956512451,68.51113137002791,,71.25197891725848,,72.61350665662147,,73.41745728628915,36.8915459656397,-2.610539662932041,-1.794924487288319,-0.815615175643722,69.61849956512451,78.34625870681575,60.89074042343328,17.455518283382467,0.12942962023627957,12.467037087593111,11.207734644181825,3.7460716792515347,,18.171414132075874,23.355896138118435,-98.74412960016777,-87.53296291240689,-55588900.0,9648515.0,,71.09041111331872,-6.180353860648327,-12.667675759900805,-13.124226984608125,40.926068749634624,67.83549880981445,,,,-9.159996032714844,46.62200345294594,0.6855872079190029,-6.180353860648327,,,78.15899658203125,61.4010009765625,-6.064525439364153,-9.291349396570457,,,-2.683999252319339,,,62.515000661214195,63.45500055948894,61.78000132242839,64.18999989827475,60.84000142415365,,,
2025-09-10 00:00:00-04:00,63.959999084472656,64.69999694824219,61.595001220703125,62.439998626708984,7550000,0.0,0.0,63.10800018310547,63.638058459962025,66.4879997253418,65.49456204030803,68.99299964904785,67.93292825161659,,70.90641106272713,,72.41205105206873,,73.30822884191522,37.548891872638514,-2.7626651474372323,-1.988472619318102,-0.7741925281191304,68.99299964904785,77.90315307373476,60.082846224360935,17.82030684937382,0.13227339025483031,7.406070994866785,9.758354456607512,3.738571439470564,,18.51355518487252,23.18303907178518,-94.06749694358344,-92.59392900513322,-63138900.0,9409350.0,,70.8421905622026,-5.379601988151604,-10.582848361116943,-16.691125858446885,41.50374780581657,67.83549880981445,,,,-7.390003204345703,44.453893251345065,-1.1243117688270576,-5.379601988151604,,,78.15899658203125,61.4010009765625,-6.088318366253874,-9.498066551204515,,,-3.092999267578122,,,63.323333740234375,64.36666870117188,62.106666564941406,65.58333587646484,61.063331604003906,,,
2025-09-11 00:00:00-04:00,62.599998474121094,65.62300109863281,62.119998931884766,63.029998779296875,9420300,0.0,0.0,62.87799987792969,63.43537189974032,65.6509994506836,65.0464596292151,68.37449951171875,67.46598258758614,,70.59753214965143,,72.22626783874651,,73.20595789601853,38.825030912204795,-2.8033028778552165,-2.151438671025525,-0.6518642068296914,68.37449951171875,77.12800491084883,59.62099411258868,17.507010798260147,0.19472225761390288,11.611646451589044,10.494918178016313,3.6545001438685825,,20.039868554259392,21.253640562973334,-76.39146462350769,-88.38835354841096,-53718600.0,9267545.0,,70.57762325788798,-1.7918378317398742,-11.722692671859855,-16.405838854441377,49.95105274592134,67.63550186157227,,,,-8.370002746582031,44.6217212867284,0.9449073759836946,-1.7918378317398742,,,78.15899658203125,61.4010009765625,-3.9923240976028023,-7.816511668221981,,,-3.5309997558593693,,,62.91166559855143,64.22832997639973,61.12333424886067,66.01666132609049,59.80666987101237,,,
2025-09-12 00:00:00-04:00,63.400001525878906,64.16999816894531,62.56999969482422,63.5099983215332,5974600,0.0,0.0,62.96999969482422,63.46024737367128,64.65199928283691,64.76710302781838,67.72099933624267,67.08922218129538,,70.31958964658797,,72.05366844236605,,73.10948068632216,40.72974184189542,-2.7649045222167814,-2.2741318412637765,-0.49077268095300486,67.72099933624267,75.82239848245375,59.61960019003159,16.20279829242216,0.24010655821847154,15.033127421064396,11.350281622506742,3.530214582170759,,20.239559541165043,22.00190121229298,-74.14942250472517,-84.96687257893561,-47744000.0,9007295.0,,70.41566361374683,0.7295782554145862,-13.591839018322172,-17.067123527047688,42.982282733619,65.3754997253418,,,,-9.990001678466797,44.132342999606315,0.7615414112842833,0.7295782554145862,,,77.69999694824219,61.4010009765625,-1.7663815101954223,-6.218161362033888,,,-4.006999969482422,-2.954500198364258,,63.590999603271484,65.0620002746582,61.558998107910156,67.09400177001953,60.08799743652344,,,
2025-09-15 00:00:00-04:00,66.01000213623047,67.33999633789062,64.41000366210938,65.94000244140625,10796300,0.0,0.0,63.613999938964845,64.28683239624961,64.13199958801269,64.98035746665253,67.26649951934814,66.97977268225833,,70.14784112873771,,71.93260574927774,,73.03814259433295,35.23413257461473,-2.509464974507722,-2.321198467912566,-0.1882665065951561,67.26649951934814,74.62748127608481,59.905517762611474,14.721963513473334,0.40989672833193075,32.354420714712624,19.666398195788688,3.4452141353062222,,20.780369109721764,22.544732909094922,-26.848966679864745,-67.64557928528738,-36947700.0,9119760.0,,70.23822530288813,5.133930417782328,-7.309526276154056,-12.115149254672305,42.60172347529328,65.09049987792969,71.95050048828125,,,-5.1999969482421875,46.94314189240087,3.8261756953143378,5.133930417782328,,,75.43000030517578,61.4010009765625,2.8191898974120018,-1.9720025382922575,,,-4.011000061035162,-2.8290000915527287,,63.416665395100914,64.26333109537761,62.663332621256515,65.01666386922201,61.81666692097982,,,
2025-09-16 00:00:00-04:00,67.17500305175781,67.93599700927734,65.68000030517578,65.9800033569336,11280200,0.0,0.0,64.18000030517578,64.85122271647761,63.99900016784668,65.16211126488545,66.95499973297119,66.88455655603693,,69.9843965102356,,71.81473243457785,,72.9679123531648,39.93727785825043,-2.2775454270638704,-2.312467859742827,0.03492243267895656,66.95499973297119,73.95350319851086,59.95649626743152,13.99700693107934,0.43034250959234105,35.581660752979815,27.656402962918946,3.1656426021030972,,18.251760055273046,24.535755376654368,-10.25418631458352,-64.41833924702019,-25667500.0,9065660.0,,70.09216978679646,4.48139629877119,-1.9759237110391938,-8.627608096561659,41.065721499321896,64.66849899291992,71.95050048828125,,,-1.3299942016601562,45.47188337469269,0.06066259333685764,4.48139629877119,,,75.43000030517578,61.4010009765625,3.0953658399216297,-1.4561965199403466,,,-3.2279998779296832,-2.6634998321533203,,65.89666748046875,67.38333129882812,64.45333862304688,68.82666015625,62.9666748046875,,,
2025-09-17 00:00:00-04:00,68.0,69.0999984741211,65.25,66.80999755859375,11289100,0.0,0.0,65.05400009155274,65.50414766384966,64.0810001373291,65.4617269546506,66.83099956512451,66.87745569913758,,69.85991027683788,,71.71562877366728,,72.90663956913923,37.520380316410375,-2.0036767806199975,-2.2507096439182614,0.2470328632982639,66.83099956512451,73.74264900451803,59.91935012573099,13.823298878787035,0.4984806805730729,42.031225452271066,36.655768973321166,3.1849280766078403,15.78393848089937,20.751754445326302,24.185333282800357,2.3677327847376572,-57.96877454772894,-14378400.0,9031350.0,,69.97686771894696,6.998717213320821,1.2426120948163009,-3.579164849423237,49.339500522933314,65.2504997253418,69.77999877929688,,,0.8199996948242188,43.715085355404646,1.2579481046251395,6.998717213320821,,,75.43000030517578,61.4010009765625,4.258668584161077,-0.03142554603017546,,,-2.4069995880126953,-2.1620000839233313,,66.53200022379558,67.38400014241537,65.12800343831381,68.78799692789714,64.27600351969402,,,
2025-09-18 00:00:00-04:00,68.06999969482422,72.1500015258789,66.3759994506836,72.12999725341797,14050400,0.0,0.0,66.87399978637696,67.71276419370577,64.87599983215333,66.67413973624467,67.02899951934815,67.37769775192619,,69.9489332955273,,71.72383409009798,,72.89891178490319,46.830164951671094,-1.3418859648091086,-2.068944908096431,0.7270589432873225,67.02899951934815,74.31870596025192,59.73929307844438,14.579412881807535,0.8498767594705366,86.0453504999275,54.552745568392794,3.2995711735316684,14.932956723668479,22.412012936312124,23.34501756846847,62.26242018978095,-13.954649500072506,-328000.0,9296815.0,,69.98777139349704,14.437567270126811,12.387031646057912,5.809005707552776,52.00814705007469,66.86250114440918,69.77999877929688,,,7.9499969482421875,51.90035649947187,7.9628796426140624,14.437567270126811,,,75.43000030517578,61.4010009765625,11.181326592317848,7.610135569153768,,,-0.7749996185302734,-1.3454999923706055,,67.05333201090495,68.8566640218099,65.00666554768881,70.90333048502605,63.20333353678386,,,
2025-09-19 00:00:00-04:00,73.0,75.91999816894531,70.5,73.22000122070312,37395100,0.0,0.0,68.81600036621094,69.54850986937156,65.89300003051758,67.86429636978256,67.27599964141845,67.93410760609542,,70.07721046906362,,71.75346116199115,,72.9021067046624,55.1130811832686,-0.7211448557173412,-1.7993848976206133,1.078240041903272,67.27599964141845,75.06205284990894,59.489946432927965,15.572106416980972,0.8817082557824609,81.40369536224786,69.82675710481548,3.4867136819022044,15.806425450736427,28.932280789087777,22.09201960411197,107.11247719912315,-18.596304637752137,37067100.0,10567505.0,,70.33341298047787,15.28893584599218,16.13005885282341,7.23491876057869,67.01483420296704,68.75749969482422,69.77999877929688,,,10.170001983642578,52.062158906009095,1.511165962554517,15.28893584599218,,,75.91999816894531,61.4010009765625,11.119544089345036,8.835248247467513,,,1.2410007476806726,-0.44499969482421875,,70.21866607666016,74.06133270263672,68.2873306274414,75.99266815185547,64.44466400146484,,,
2025-09-22 00:00:00-04:00,71.91000366210938,73.30000305175781,69.52999877929688,73.22000122070312,10578400,0.0,0.0,70.27200012207031,70.77234031981541,66.94300003051758,68.83806088813175,67.54299983978271,68.43752604558188,,70.20045716520634,,71.78250155919336,,72.90526983417524,67.89825226351768,-0.22659105394210144,-1.484826128884911,1.2582350749428095,67.54299983978271,75.7700160057488,59.31598367381661,16.45403233193219,0.8450218928950999,81.40369536224786,82.95091374147441,3.393856866019113,17.12067329831195,29.723875595931087,14.21475429065163,78.50922674070608,-18.596304637752137,37067100.0,10576470.0,,70.38293594830262,11.040337442762189,16.741071102744296,7.866829969584701,66.13662025553297,68.75749969482422,69.55049896240234,,,10.5,51.956422639377294,0.0,11.040337442762189,,,75.91999816894531,61.4010009765625,9.376635626314958,8.405018128283773,,,2.8110004425048913,0.27650032043456463,,73.21333312988281,75.92666625976562,70.50666809082031,78.63333129882812,67.7933349609375,,,
2025-09-23 00:00:00-04:00,74.0,76.69000244140625,72.76000213623047,74.69999694824219,14194100,0.0,0.0,72.01599884033203,72.08155919595768,68.0979995727539,69.90386744451547,67.66249980926514,69.03395184583523,,70.37690970571755,,71.84027374511511,,72.92312781540974,76.12477516853778,0.2815244448472356,-1.1315560141384817,1.4130804589857173,67.66249980926514,76.24290296175889,59.08209665677139,17.160806304987496,0.910091286732356,86.98407153835406,83.26382075428326,3.4338572365897044,18.576552019587947,36.42925491999047,12.676294054320673,115.01310654842018,-13.01592846164594,51261200.0,10749695.0,,70.54752152366069,13.216115713325804,18.289778532515292,3.3052129309115093,72.19436573773676,69.40500068664551,69.04550170898438,,,11.549995422363281,47.1871367788915,2.0212997853933157,13.216115713325804,,,76.69000244140625,61.4010009765625,9.694847744293723,10.400882555056572,,,4.098999404907225,0.7075000762939538,,72.01666768391927,74.50333658854166,70.73333231608072,75.7866719563802,68.24666341145833,,,
2025-09-24 00:00:00-04:00,76.41999816894531,77.16999816894531,70.58000183105469,71.2300033569336,13358400,0.0,0.0,72.9,71.79770724961632,68.97700004577636,70.14498306495513,67.73249988555908,69.24309960879698,,70.41036435870642,,71.8281891829729,,72.90628080587267,69.2307836385439,0.39960377200117136,-0.8253240569105511,1.2249278289117225,67.73249988555908,76.40965413731132,59.05534563380684,17.354308503504484,0.7015351675157923,62.3311822588121,76.90631638647135,3.652999605451311,19.522911216816805,35.18242962571999,11.52086138084418,83.68932141466107,-37.6688177411879,37902800.0,10751720.0,,70.63192262502935,6.615785002032679,14.077522299087056,2.004871100055306,69.38757469623567,69.86999893188477,69.2854995727539,,,8.79000473022461,48.60471024499884,-4.645239267831391,6.615785002032679,,,77.16999816894531,61.4010009765625,3.266310958235399,5.163700553329496,,,4.895999908447266,0.9015003204345646,,74.71666717529297,76.67333221435547,72.74333190917969,78.64666748046875,70.78666687011719,,,
2025-09-25 00:00:00-04:00,70.5,82.2300033569336,68.80000305175781,77.12999725341797,26004400,0.0,0.0,73.9,73.57513725088354,70.38699989318847,71.41498564467564,68.01899967193603,69.9942327178085,,70.6738793741853,,71.93317548139756,,72.94830783520149,80.47620329408376,0.9582169599809305,-0.4686158535322549,1.4268328135131854,68.01899967193603,77.54306916936831,58.49493017450375,19.04813899486456,0.9783143163717093,75.30861552639769,74.87462310785462,4.356642314365932,20.89736587846541,37.7961475511802,9.910971623084372,118.66469603160756,-24.69138447360232,63907200.0,11707780.0,,70.97318894692917,6.931928726453776,22.370297869579595,8.025203928689312,76.2676173323907,73.32000350952148,71.81550216674805,,,14.099998474121094,56.19803880726673,8.283017855438679,6.931928726453776,,,82.2300033569336,61.4010009765625,9.579890278690556,13.394783259714782,,,5.511000061035148,0.9900001525878821,,72.9933344523112,75.40666707356772,68.81667073567709,79.58333079020183,66.40333811442058,,,
2025-09-26 00:00:00-04:00,77.0,77.47000122070312,68.56999969482422,68.62999725341797,18998600,0.0,0.0,72.98199920654297,71.92675725172836,70.89899978637695,70.90862411899242,67.77549953460694,69.86430553072368,,70.59372713415522,,71.86776601153657,,72.90533957070613,59.44994900722682,0.7068943356348001,-0.23351381569884389,0.940408151333644,67.77549953460694,76.952227894659,58.59877117455487,18.353456720104134,0.5465578627417378,34.09253842703974,57.24411207074985,4.872713906424386,23.04502258348955,33.79313846527903,9.19845497423298,53.3343746375051,-65.90746157296026,44908600.0,12277505.0,,70.99884278868329,-6.268784335921756,8.06172109462774,-6.625854076982356,71.81374977064927,73.7400016784668,71.81550216674805,,,5.119998931884766,68.48277586569766,-11.020355636824986,-6.268784335921756,,,82.2300033569336,61.4010009765625,-3.2003308083268074,1.26077671825158,,,5.005999755859364,0.4994998931884851,,76.05333455403645,83.3066660563151,69.87666575113931,89.48333485921223,62.62333424886067,,,
2025-09-29 00:00:00-04:00,69.31999969482422,69.5,66.16999816894531,68.18000030517578,12539000,0.0,0.0,71.9739990234375,70.67783826954417,71.12299957275391,70.41251069829849,67.6274995803833,69.70389550924294,,70.49907118007759,,71.79474094804429,,72.85832126955658,58.03771346282747,0.4660361772629926,-0.0936038171064766,0.5596399943694692,67.6274995803833,76.6702554829909,58.584743677775705,18.08551180521519,0.5305493552376638,31.911792598804066,47.10431551741383,4.9491424560546875,25.224619556316952,31.40948252510869,12.520210938109052,2.3110549240833396,-68.08820740119593,32369600.0,12558120.0,,70.91286585434861,-6.8833663363860635,3.3970242354176063,-4.160808419831621,66.61125781418644,73.7400016784668,71.81550216674805,,,2.2399978637695312,67.61406642340265,-0.6556855110755211,-6.8833663363860635,,,82.2300033569336,61.4010009765625,-4.1379009395795325,0.8169764196823036,,,4.179999542236331,0.08449974060059162,,71.55666605631511,74.543332417806,65.64333089192709,80.45666758219402,62.6566645304362,,,
2025-09-30 00:00:00-04:00,67.98500061035156,68.93000030517578,65.91000366210938,67.06999969482422,7989400,0.0,0.0,70.4479995727539,69.4752254113042,71.23199920654297,69.80478142493953,67.61549968719483,69.45304828882212,,70.36459778849903,,71.70118171530726,,72.80072603000701,57.30514909768338,0.18347163210302142,-0.03818872726457699,0.22166035936759843,67.61549968719483,76.66066625494352,58.57033311944614,18.09033313549738,0.4698457740780784,24.61461796981894,30.20631633188758,4.9430710928780695,27.619652662260158,31.216863319028835,11.921449301725636,-7.411518224685622,-75.38538203018106,24380200.0,12496930.0,,70.84915479449357,-10.214186834176992,1.6520101279686905,-0.35655604289780535,66.32199823855944,74.07000350952148,71.81550216674805,,,1.089996337890625,65.00381632312613,-1.6280443024100366,-10.214186834176992,,,82.2300033569336,61.4010009765625,-5.842878984276002,-0.8067676714573128,,,3.1339996337890597,-0.04700012207031534,,67.9499994913737,69.73000081380209,66.3999989827474,71.28000132242839,64.61999766031902,,,
2025-10-01 00:00:00-04:00,66.04000091552734,67.98999786376953,65.58000183105469,67.62999725341797,8046800,0.0,0.0,69.72799835205078,68.86014935867546,71.31399917602539,69.40936612102652,67.69749965667725,69.27942438068838,,70.25735855182918,,71.62056420121044,,72.74927599242902,57.26468930440652,0.0046704788073697046,-0.02961688605018765,0.03428736485755736,67.69749965667725,76.71029647399357,58.68470283936094,18.025593634632628,0.4962551911117318,25.737520936203374,27.421310501608797,4.8649992261614114,30.363509661138522,30.362653934204726,12.597273815608002,-11.317162503142828,-74.26247906379663,32427000.0,12537365.0,,70.7830857748195,-5.054058590276898,1.2273607615462971,2.4852241896326017,62.43170082366548,73.90500259399414,71.81550216674805,,,0.8199996948242188,64.6057390183322,0.8349449249169583,-5.054058590276898,,,82.2300033569336,61.4010009765625,-5.165888836936695,-0.09971181151684533,,,2.3369991302490263,-0.03500022888182741,,67.30333455403645,68.69666544596353,65.67666880289713,70.32333119710286,64.28333791097005,,,
2025-10-02 00:00:00-04:00,68.80000305175781,71.73500061035156,67.41999816894531,70.95999908447266,13407700,0.0,0.0,68.49399871826172,69.56009926727452,71.19699935913086,69.69129938710763,68.03649959564208,69.43947911438212,,70.28491308252109,,71.6074837038493,,72.73147224210109,60.793979164513466,0.1301720520210381,0.002340901564057498,0.1278311504569806,68.03649959564208,77.00213677192761,59.07086241935656,17.93127435257105,0.6630391366139233,36.75642836439393,29.03618909013875,5.058928080967495,33.49463880929393,34.486417818217014,12.114370155852413,30.464628443177563,-63.24357163560607,45834700.0,12803665.0,,70.76202354368732,-7.999479305921915,-1.6220687834420662,10.564036689090049,66.37467345760805,73.90500259399414,71.81550216674805,,,-1.1699981689453125,65.69261687666591,4.923853269691492,-7.999479305921915,,,82.2300033569336,61.4010009765625,-0.33287958311659593,4.296957524572339,,,0.8099994659423828,0.017499923706054688,,67.06666564941406,68.55332946777344,66.1433334350586,69.4766616821289,64.65666961669922,,,
2025-10-03 00:00:00-04:00,72.0,75.5999984741211,70.33000183105469,71.5,14675500,0.0,0.0,69.06799926757813,70.20673284484968,71.02499923706054,70.02015404399715,68.45899963378906,69.63571919872668,,70.3325635498732,,71.60535531367407,,72.7192187869558,58.52238042869645,0.27009304934423994,0.055891331120093986,0.21420171822414596,68.45899963378906,77.22950176152487,59.68849750605325,17.54100425547162,0.6733652373559141,36.80800214593528,33.100650482177535,5.161785125732422,36.70947683883425,34.76095704808224,11.87297143756644,61.894198347054754,-63.19199785406472,60510200.0,13192245.0,,70.81350664605685,4.181848843712575,-2.3490865774757603,13.402063227897035,67.14876613220223,73.90500259399414,71.81550216674805,,,-1.720001220703125,65.10516842324198,0.7609934082503544,4.181848843712575,,,82.2300033569336,61.57500076293945,0.6687796804531403,4.4420753772013954,,,0.12599945068359375,0.6835000991821261,,70.03833262125652,72.65666707356772,68.34166463216147,74.35333506266277,65.72333017985027,,,
2025-10-06 00:00:00-04:00,73.30000305175781,74.93000030517578,71.45999908447266,74.33000183105469,10864900,0.0,0.0,70.29799957275391,71.58115584025136,71.1359992980957,70.80376273255307,69.03949966430665,70.08279373513886,,70.48932583540973,,71.65930871005784,,72.7352464789369,61.79045892093456,0.602394910700454,0.165192047036166,0.43720286366428807,69.03949966430665,77.7472828649081,60.33171646370519,17.41556640120291,0.8037800806973824,53.47467630120916,42.346368937179456,5.248499734061105,39.10067990654927,33.375526773383434,11.676808701532618,72.28558593650745,-46.52532369879084,71375100.0,13302760.0,,70.87352130763882,9.020242737388253,1.5159800489564965,18.510842449600016,67.25337786152434,73.90500259399414,71.81550216674805,,,1.1100006103515625,65.91574898432036,3.958044518957604,9.020242737388253,,,82.2300033569336,61.595001220703125,4.48999460817934,7.663007687587902,,,0.012999725341785506,1.4120000839233455,,72.47666676839192,74.62333170572916,69.35333506266275,77.74666341145833,67.20667012532552,,,
2025-10-07 00:00:00-04:00,75.9000015258789,79.52999877929688,72.19999694824219,73.7699966430664,15264900,0.0,0.0,71.63799896240235,72.3107694411897,71.04299926757812,71.34307798901003,69.57049942016602,70.43395591684624,,70.61797959257274,,71.70110451071147,,72.74554250047052,59.90324518565335,0.811207694080764,0.2943951764450856,0.5168125176356784,69.57049942016602,78.05855006495358,61.08244877537845,16.976101289575126,0.7473770126170998,49.189153522191,46.49061065644514,5.497071402413504,42.47348593196593,36.3310323906507,10.59005647768403,88.92207932549294,-50.810846477809,56110200.0,13683905.0,,71.00079804162262,9.989558638329955,-1.244980379075726,16.81709399933335,68.06578407735161,73.90500259399414,71.81550216674805,,,-0.9300003051757812,66.18560339028518,-0.7534039744289567,9.989558638329955,,,82.2300033569336,61.595001220703125,3.8385166780716142,6.036318925264328,,,-0.1889999389648409,1.9549997329711886,,73.57333374023438,75.6866683959961,72.21666717529297,77.0433349609375,70.10333251953125,,,
2025-10-08 00:00:00-04:00,75.23999786376953,75.97000122070312,69.61000061035156,70.58999633789062,11488800,0.0,0.0,72.22999877929688,71.73717840675668,70.97899856567383,71.20615405244286,69.97799930572509,70.44881690932667,,70.6168822100362,,71.67910236867542,,72.72409427994735,47.66666474005144,0.7118876829934067,0.3778936777547498,0.33399400523865685,69.97799930572509,77.77944960369322,62.17654900775696,15.602900595936262,0.5392232859783088,30.090054340529406,44.251294721309854,5.5389284406389505,45.16695066108456,32.123278897297894,13.85002013975237,33.43691493441201,-69.9099456594706,44621400.0,13880845.0,,71.02384322778022,4.376754701587778,-0.8985076356600646,13.052527050657947,62.426573449968,72.55500030517578,71.81550216674805,,,-0.6400070190429688,68.38510267419214,-4.310696014481474,4.376754701587778,,,82.2300033569336,62.119998931884766,-0.5480525727948693,0.8745563437614083,,,-0.3350006103515568,2.28049964904784,,75.16666412353516,78.13333129882812,70.80332946777344,82.49666595458984,67.83666229248047,,,
2025-10-09 00:00:00-04:00,73.6500015258789,78.31999969482422,71.5199966430664,72.29000091552734,24843500,0.0,0.0,72.49599914550781,71.92145257634691,70.49499893188477,71.40321711845822,70.44099941253663,70.62416776706006,,70.68249470829076,,71.69119936960318,,72.71977494298795,48.616482446600465,0.7615730801239806,0.45462955822859596,0.30694352189538465,70.44099941253663,77.57698287989933,63.30501594517392,14.271966934725413,0.629554777659404,40.300291108342435,39.859832990354285,5.7039288112095425,46.86996090942221,29.41581225508766,13.449373755285185,62.94367734266894,-59.699708891657565,69464900.0,14652005.0,,71.1599294142384,1.874297982263808,-6.275115402880613,14.69142045941472,60.127446141705875,72.55500030517578,71.81550216674805,,,-4.839996337890625,68.65004711065022,2.4082797362665387,1.874297982263808,,,82.2300033569336,62.56999969482422,2.5462827304628863,2.6248939089607006,,,-0.7020004272460909,2.4044998168945426,,72.05666605631511,74.50333150227866,68.14333089192709,78.41666666666667,65.69666544596355,,,
2025-10-10 00:00:00-04:00,74.41000366210938,84.91999816894531,73.43000030517578,78.33999633789062,52334400,0.0,0.0,73.86399841308594,74.06096716352815,71.46599884033203,72.66444970380955,71.1824993133545,71.35900858332964,,70.98278888984369,,71.82285871550987,,72.77569754393227,56.454862095671785,1.274442207521659,0.6185920880872087,0.6558501194344504,71.1824993133545,78.36785971475774,63.997138911951254,14.370720802806488,0.9980611009531495,65.97723331434531,45.45585958773905,6.336785452706473,47.99004648222148,33.917598579710514,11.012790448477526,138.0963598179647,-34.02276668565468,121799300.0,16969995.0,,71.83077406351823,9.566428444602272,14.14833086561004,23.35065093416839,71.78747264354712,75.25,73.1604995727539,,,9.709999084472656,73.74788956605761,8.369062589213193,9.566428444602272,,,84.91999816894531,64.41000366210938,9.618556529121413,10.055135874097235,,,0.4409996032714929,2.7234996795654354,,74.04333241780598,76.56666819254556,69.76666514078775,80.8433354695638,67.24332936604817,,,
2025-10-13 00:00:00-04:00,86.80000305175781,98.97000122070312,85.5,95.05999755859375,50242400,0.0,0.0,78.00999755859375,81.06064396188336,74.15399856567383,76.7363674955885,72.63849906921386,73.61624562859289,,71.9269931513633,,72.28300007873925,,72.99743187243637,68.54280771755728,2.9955284621768214,1.0939793629051313,1.9015490992716901,72.63849906921386,85.16629647870981,60.11070165971792,25.055594818991892,1.39486993429446,88.2898959760941,64.85580679959395,7.5296429225376675,48.91511959463294,38.65673732019827,9.26812745644753,232.08544590260516,-11.710104023905894,172041700.0,18942300.0,,73.47112128284742,27.889136575909752,39.42504712980679,44.161349771048755,76.50179628100267,82.2750015258789,80.27250099182129,,,26.87999725341797,102.68655350701732,21.342866992982202,27.889136575909752,,,98.97000122070312,65.25,28.192679285399162,30.86723814050105,,,3.0179992675781335,3.598999404907218,,78.89666493733723,84.36332956949869,72.87333170572916,90.38666280110677,67.4066670735677,,,
2025-10-14 00:00:00-04:00,97.79000091552734,100.2509994506836,88.5999984741211,98.6500015258789,40359400,0.0,0.0,82.98599853515626,86.92376314988188,77.3119987487793,80.72066459200494,74.27199897766113,76.00041285690584,,72.9749542640894,,72.80511891927667,,73.25268132172435,74.91820796047247,4.596202870340477,1.7944240643922007,2.801778805948276,74.27199897766113,90.96986123332422,57.57413672199803,33.39572451132619,1.2299737587651365,95.3823136490936,83.21648097984433,7.891143253871372,50.23267049089424,37.61088418612004,6.870266805733662,189.04930510438248,-4.617686350906402,212401100.0,20396260.0,,74.77129975151452,33.72645521890634,47.085137877959035,49.51499925243963,83.23917606667001,83.83549880981445,80.92300033569336,,,31.580001831054688,102.58650060946847,3.776566441706808,33.72645521890634,,,100.2509994506836,65.25,27.599859171195618,32.82260190081861,,,6.268999481201178,4.7014995574951115,,93.17666625976562,100.85333251953125,87.38333129882812,106.64666748046875,79.7066650390625,,,
2025-10-15 00:00:00-04:00,96.70999908447266,97.0,86.5,89.8499984741211,29991500,0.0,0.0,86.83799896240234,87.89917492462828,79.53399887084962,82.38054347966242,75.4239990234375,77.31942101092635,,73.63672070369849,,73.14264128669933,,73.41782875607656,60.98066149153575,5.095919580637997,2.45472316764136,2.6411964129966368,75.4239990234375,93.10443060659797,57.74356744027703,35.36086316632094,0.9079651388267997,70.00086040018071,84.55769000845613,7.799714769635882,50.655486188766794,33.417886232484676,7.243851003654907,126.01029714026163,-29.999139599819298,182409600.0,21331380.0,,75.44825533473318,27.284322333775595,32.85524489590326,34.485858041411824,72.94483509886895,84.93050003051758,80.92300033569336,,,22.220001220703125,109.9502489723361,-8.920428703135197,27.284322333775595,,,100.2509994506836,65.58000183105469,12.970553159313663,19.126537491337217,,,8.555000305175781,5.445999717712411,,95.8336664835612,103.06733449300131,91.41633351643881,107.4846674601237,84.1826655069987,,,
2025-10-16 00:00:00-04:00,91.93000030517578,91.98999786376953,83.33000183105469,83.83999633789062,18653700,0.0,0.0,89.147998046875,86.54611539571573,80.8219985961914,82.64589854479482,76.00949897766114,77.94042818492294,,74.03684915994131,,73.3544700995942,,73.5215319160946,63.72000253808399,4.949931994298424,2.953764932972773,1.9961670613256515,76.00949897766114,94.00342338388612,58.015574571436154,35.98784881244996,0.7175872584393135,52.6664813835587,72.683218477611,7.782571520124163,50.43793323008053,33.49149829764288,9.95813972345651,79.05043818148945,-47.3335186164413,163755900.0,21561545.0,,75.72294422419478,15.97730706333748,18.151067389509517,16.234575808080685,72.22603213571797,84.93050003051758,81.18549919128418,,,12.879997253417969,111.19399780984284,-6.688928478904188,15.97730706333748,,,100.2509994506836,65.58000183105469,3.7341290664908606,10.301998389084021,,,10.32699966430664,5.568499565124512,,91.11666615804036,95.73333231608072,85.23333231608072,101.61666615804036,80.61666615804036,,,
2025-10-17 00:00:00-04:00,80.38999938964844,84.1500015258789,78.80000305175781,80.79000091552734,14927400,0.0,0.0,89.63799896240235,84.62741056898628,81.75099868774414,82.30846261220073,76.38799896240235,78.21181606402813,72.00399940490723,74.30167864055252,,73.50170833357308,,73.59385499071583,60.86506768900266,4.535840296159549,3.2701800056101282,1.2656602905494205,76.38799896240235,94.45319029574225,58.32280762906246,36.130382666679786,0.6218365715562878,43.86951668175117,55.51228615516353,7.926856994628906,50.761217202032654,32.881882566335435,11.69621210069184,35.543777880722025,-56.13048331824883,148828500.0,20438160.0,15154760.0,75.83176131099871,3.1273994028152994,12.993008273464818,10.338704682626778,71.22109221985536,84.93050003051758,81.4104995727539,,,9.290000915527344,112.36276867031589,-3.637876378323346,3.1273994028152994,,,100.2509994506836,65.58000183105469,-1.1755180825220544,5.762687873643122,12.202102082153681,,10.28499984741211,5.205499649047852,,86.38666534423828,89.44332885742188,80.78333282470703,95.04666137695312,77.72666931152344,85.41030003356934,80.82600021362305,76.24170039367675
2025-10-20 00:00:00-04:00,83.5,83.98999786376953,78.052001953125,82.9000015258789,14957800,0.0,0.0,87.20599975585938,84.05160755461716,82.60799865722656,82.41601514196039,76.87199897766114,78.65830991753772,72.17559944152832,74.63886777331042,,73.68781314926231,,73.68645346370252,63.4084347505332,4.3280381278319595,3.4817516300544944,0.8462864977774651,76.87199897766114,95.0977918777375,58.64620607758476,36.45158580015275,0.6653701043698492,49.95529659930679,48.83043155487221,8.13528551374163,50.85797578337928,32.03943861309455,11.825025920542668,34.936178772738224,-50.0447034006932,163786300.0,20657130.0,14965698.0,75.94433882195536,-12.791917047146544,11.529664312807427,13.220431772457742,73.98077420116424,84.93050003051758,82.33050155639648,,,8.569999694824219,112.52285346591194,2.611710095854236,-12.791917047146544,,,100.2509994506836,65.58000183105469,0.35348013921022664,7.841610246104694,14.85876413543161,,8.454000091552729,4.233499908447271,,81.24666849772136,83.6933339436849,78.34333546956381,86.59666697184245,75.89667002360027,85.41030003356934,80.82600021362305,76.24170039367675
2025-10-21 00:00:00-04:00,80.37000274658203,80.88500213623047,73.23999786376953,74.11000061035156,17623700,0.0,0.0,82.29799957275391,80.7377385731953,82.64199905395508,80.90583068166787,76.84249916076661,78.22513760256761,72.20399940490722,74.61812788456695,,73.69617329700665,,73.69066786317167,54.8171288143418,3.4147111351362867,3.468343531070853,-0.05363239593456637,76.84249916076661,95.08499662283542,58.600001698697795,36.484994924137624,0.4251062373423194,20.377089276066208,38.06730085237472,8.653143201555524,50.33681018525393,30.12200015026526,14.81707408851934,-9.01593946332451,-79.6229107239338,146162600.0,20828610.0,14841420.0,75.94732683206485,-24.875824162141296,0.46089736038657253,-0.7898211003936441,71.81886205262,85.885498046875,82.7504997253418,68.52050018310547,,0.34000396728515625,119.48971788506269,-10.603137218017267,-24.875824162141296,,,100.2509994506836,65.58000183105469,-10.324046539621055,-3.5559730360906503,2.639744641783378,,5.330000305175773,2.57050018310548,,81.64733378092448,85.24266560872397,79.30466969807944,87.58532969156902,75.70933787027995,85.41030003356934,80.82600021362305,76.24170039367675
2025-10-22 00:00:00-04:00,72.06999969482422,73.4800033569336,66.30999755859375,69.80000305175781,21854800,0.0,0.0,78.28800048828126,77.09182673271614,82.5629997253418,78.8865892944115,76.77099914550782,77.42274383582382,72.10099952697755,74.42918181269208,,73.61902141096212,,73.65195478047104,49.15006168695227,2.316409997892734,3.2379568244352295,-0.9215468265424955,76.77099914550782,95.11703435239284,58.42496393862279,36.69207041377005,0.31001355292467014,10.282564740604872,26.87165020532596,8.902071816580635,47.88268244155774,26.274778053736515,19.963247854824008,-55.60532139410911,-89.71743525939513,124307800.0,21253430.0,15031850.0,75.78361267339882,-22.314964677643427,-1.1191292351842317,-2.007581409213262,66.95774425874284,83.28049850463867,82.7504997253418,68.30949974060059,,-0.7899932861328125,120.19199315899853,-5.815676053296015,-22.314964677643427,,,100.2509994506836,65.58000183105469,-15.45849438131125,-9.0802466704094,-3.1913517015236175,,3.029000854492182,1.3470001220703125,,76.07833353678386,78.91666920979819,71.27166493733725,83.7233378092448,68.43332926432292,85.41030003356934,80.82600021362305,76.24170039367675
2025-10-23 00:00:00-04:00,70.875,71.45999908447266,68.0999984741211,68.44999694824219,10965600,0.0,0.0,75.21000061035156,74.21121680455816,82.17899932861329,76.98902704965343,76.33699913024903,76.568196513197,71.9619994354248,74.1947039748705,,73.51666449090825,,73.600194006021,47.79145384289351,1.321827024582234,2.8547308644646305,-1.5329038398823966,76.33699913024903,95.0541956407973,57.61980261970076,37.43439302109655,0.289311337903568,6.305056628711886,12.321570215127656,8.765643528529576,44.90854550914412,23.534248561363842,20.27395541667138,-55.972547165193724,-93.6949433712881,113342200.0,20501490.0,15006034.0,75.69772854700665,-18.35639320357781,-5.311943448129563,-11.253728269504292,63.85093562070809,83.28049850463867,82.91550064086914,67.51524925231934,,-3.8400039672851562,116.4490374549256,-1.9341060809332289,-18.35639320357781,,,100.2509994506836,65.58000183105469,-16.706217516073966,-10.331821098376873,-4.880357014446372,,1.3570007324218807,0.3275001525878878,,69.86333465576172,73.41667175292969,66.24666595458984,77.03334045410156,62.693328857421875,85.41030003356934,80.82600021362305,76.24170039367675
2025-10-24 00:00:00-04:00,69.94999694824219,72.58999633789062,69.36000061035156,70.80999755859375,11398900,0.0,0.0,73.21399993896485,73.07747705590336,81.42599945068359,75.86556714218803,76.44599914550781,76.01979661275858,71.84659934997559,74.06197038991847,,73.46306712591193,,73.57243085729039,47.43365165114385,0.715793951451559,2.4269434818620166,-1.7111495304104576,76.44599914550781,94.99888862479665,57.893109666218976,37.10577895857767,0.34810987007695743,13.258300430573772,9.94864059996351,8.813500540597099,42.13599212906553,24.322258966944837,20.163868519352565,-43.65925245493712,-86.74169956942622,124741100.0,20121505.0,15010420.0,75.63246990258355,-12.353018002027895,-9.611946810437683,3.1764540178051823,63.86273377323991,83.28049850463867,82.91550064086914,68.32124996185303,,-7.529998779296875,110.01097920555476,3.4477731418104396,-12.353018002027895,,,100.2509994506836,65.58000183105469,-13.037607107935495,-7.372526554576729,-1.4427986860343909,,-0.32499923706055256,0.058000183105463066,-0.15740005493164233,69.33666483561198,70.57333119710287,67.21333058675131,72.69666544596355,65.97666422526042,85.41030003356934,80.82600021362305,76.24170039367675
2025-10-27 00:00:00-04:00,67.43000030517578,67.7300033569336,62.400001525878906,65.56999969482422,24754600,0.0,0.0,69.74799957275391,70.57498460221032,78.47699966430665,73.99364578812188,76.31549911499023,75.0245778586696,71.65739936828614,73.72895193128733,,73.3067687609399,,73.49280467656934,44.40349723234013,-0.18518100895383327,1.9045185836988467,-2.0896995926526802,76.31549911499023,95.14781252745095,57.48318570252951,37.66462682492144,0.21470580419885987,8.374939480440844,9.312765513242168,8.890642983572823,39.019517801686554,20.41552123182457,25.580663366065355,-83.99250683465817,-91.62506051955916,99986500.0,20732285.0,15334572.0,75.33289070373874,-20.90470628718237,-31.02251064712292,-3.8281029607936627,58.730820915440056,79.70000076293945,81.32550048828125,69.26874923706055,,-29.48999786376953,113.4011455092877,-7.400081972088113,-20.90470628718237,,,100.2509994506836,62.400001525878906,-16.446857072382272,-14.080363156604625,-8.495144572824193,,-4.130998992919913,-0.5564998626709041,-0.5182000732421841,70.91999816894531,72.47999572753906,69.25,74.14999389648438,67.69000244140625,85.41030003356934,80.82600021362305,76.24170039367675
2025-10-28 00:00:00-04:00,65.58999633789062,67.77799987792969,64.2699966430664,64.94000244140625,10850300,0.0,0.0,67.91399993896485,68.69665721527564,75.10599975585937,72.34752881599177,76.20899925231933,74.06414210464453,71.5119994354248,73.38428724540965,,73.14109021995904,,73.40770216676673,46.00481306744358,-0.939218938216996,1.3357710793156783,-2.2749900175326743,76.20899925231933,95.28398676469384,57.134011739944825,38.14997502474901,0.20461325849879192,6.710525626228783,9.4479218457478,8.686928885323661,36.67536483183866,20.933743707256898,24.050913065669363,-79.3593079632247,-93.28947437377121,89136200.0,20875330.0,15304334.0,75.21230736144459,-12.373496280425698,-34.1713112651392,-3.1757824110775124,61.5114262726426,77.19499969482422,81.32550048828125,69.15399932861328,,-33.709999084472656,113.29588481089417,-0.9608010619949647,-12.373496280425698,,,100.2509994506836,62.400001525878906,-13.53553291015213,-14.786963378960946,-9.190061871998207,,-7.535999298095703,-0.633499908447277,-0.6919999694824241,65.23333485921223,68.06666819254556,62.736666361490876,70.56333669026692,59.90333302815755,85.41030003356934,80.82600021362305,76.24170039367675
2025-10-29 00:00:00-04:00,65.44000244140625,65.5999984741211,63.29999923706055,64.29000091552734,9121000,0.0,0.0,66.81199951171875,67.22777178202621,72.55,70.88252374318004,76.0419994354248,73.13327151520481,71.4119994354248,73.02764856580643,,72.96582112482179,,73.31697877123202,44.257824017061104,-1.571138019468009,0.7543892595589408,-2.3255272790269497,76.0419994354248,95.48810538096916,56.59589348988044,38.89221189108872,0.19783157222307116,4.9932617190255755,6.692908941898401,8.299071448189872,34.96723520637807,19.889482881600646,26.009792261240783,-86.10950026364064,-95.00673828097442,80015200.0,20929040.0,15247248.0,75.10011195208455,-7.893985523388465,-28.44741011982947,-4.938631485338148,57.522645266883785,73.2750015258789,81.32550048828125,69.22525119781494,,-25.55999755859375,113.3189952485499,-1.0009262418266607,-7.893985523388465,,,100.2509994506836,62.400001525878906,-11.385250288728676,-15.454615353555115,-9.973111768614764,,-10.0129997253418,-0.7289997100830163,-0.6890000915527423,65.66266632080078,67.05533599853516,63.547332763671875,69.17066955566406,62.1546630859375,85.41030003356934,80.82600021362305,76.24170039367675
2025-10-30 00:00:00-04:00,66.97000122070312,67.0999984741211,62.880001068115234,64.91999816894531,14302800,0.0,0.0,66.10599975585937,66.45851391099924,70.65800018310547,69.79842818422827,75.73999938964843,72.35105500603724,71.3469994354248,72.70970149141972,,72.80649789797275,,73.23342672543812,39.554796838884634,-1.998070418814038,0.203897323884345,-2.201967742698383,75.73999938964843,95.6992501253315,55.78074865396536,39.91850147136614,0.22894771041281717,6.657675573237635,6.120487639497331,7.698357173374721,33.180457211900844,16.70949737398672,28.429066919184145,-78.0867717603009,-93.34232442676237,94318000.0,20973795.0,15358482.0,74.9379119480105,-5.157047387403173,-22.566792694854417,-8.511839055038836,51.76522036333655,73.19499969482422,81.32550048828125,69.57774925231934,,-18.919998168945312,111.89202913825902,0.9799303848910146,-5.157047387403173,,,100.2509994506836,62.400001525878906,-8.120810098347691,-14.285716012537907,-9.00808908200335,,-11.520999145507815,-0.5969997406005945,-0.6149999999999949,64.396666208903,65.49333318074545,63.193333943684905,66.69666544596355,62.09666697184245,85.41030003356934,80.82600021362305,76.24170039367675
2025-10-31 00:00:00-04:00,64.77999877929688,64.94999694824219,61.45000076293945,63.09000015258789,13881900,0.0,0.0,64.5620002746582,65.3356759915288,68.88800010681152,68.57871399665729,75.31949939727784,71.4690497818992,71.24319946289063,72.33245830166162,,72.61409200202452,,73.13249710779782,17.608920037224024,-2.455774329363649,-0.3280370067652538,-2.1277373225983953,75.31949939727784,95.99633112123297,54.642667673322705,41.353663447910264,0.20427047509117494,4.226693758185289,5.292543683482833,6.474785123552595,34.373388404872564,4.367483055806475,35.37899633309788,-83.88074420204714,-95.77330624181471,80436100.0,20934115.0,15396494.0,74.75778781904411,-10.90241162572803,-21.908652756974558,-11.762237548828125,38.070543055516474,71.16750144958496,80.85050010681152,72.56775283813477,,-17.700000762939453,112.19751355734321,-2.818850998108635,-10.90241162572803,,,100.2509994506836,61.45000076293945,-8.416560134179788,-16.236830226638414,-11.444179053959532,,-12.537999343872073,-1.1264997482299748,-0.6033998870849615,64.96666590372722,67.0533307393392,62.83333333333334,69.18666330973308,60.74666849772136,85.41030003356934,80.82600021362305,76.24170039367675
2025-11-03 00:00:00-05:00,62.20500183105469,62.20500183105469,57.150001525878906,57.65999984741211,14163800,0.0,0.0,62.98000030517578,62.77711727682324,66.36399993896484,66.59349324224907,74.4859992980957,70.15390216909091,71.0387995147705,71.757067774044,,72.31797136529953,,72.97854191117708,9.962880662122359,-3.2195506445448814,-0.9063397343211794,-2.313210910223702,74.4859992980957,96.62317155501763,52.34882704117378,44.27434451384386,0.11996050680270638,1.2797950842191377,4.054721471880687,6.066856384277344,35.60012158539849,3.152955294882746,42.82047619945871,-100.15446817820248,-98.72020491578087,66272300.0,21099060.0,15471788.0,74.51569132890833,-12.063443471445504,-30.446322332801913,-22.427016780561868,21.891004061705004,65.31500244140625,78.70050048828125,72.77775192260742,,-25.240001678466797,114.56784647623661,-8.606752721576981,-12.063443471445504,,,100.2509994506836,57.150001525878906,-13.115544722376324,-22.589479377655024,-18.83308805714918,,-12.112999725341808,-1.8294998168945256,-0.618599853515633,63.16333262125651,64.87666447957356,61.37666829427083,66.66332880655924,59.663336435953774,83.7864182434082,78.70050048828125,73.6145827331543
2025-11-04 00:00:00-05:00,55.834999084472656,57.540000915527344,54.02000045776367,54.900001525878906,13678000,0.0,0.0,60.97200012207031,60.15141202650847,64.44300003051758,64.46740383927266,73.54249954223633,68.70114972688025,70.69059959411621,71.09600635254733,,71.9730610714496,,72.79865593719401,11.295679210530764,-4.001431661922609,-1.5253581198414654,-2.476073542081144,73.54249954223633,97.35339130884356,49.7316077756291,47.621783533214455,0.10853003324928054,2.3176221444145826,2.6080369956063363,5.45899908883231,37.190543266629206,3.504035565646536,48.936231064895985,-107.43740505162133,-97.68237785558543,52594300.0,21019715.0,15530756.0,74.23740475237274,-15.460425836272776,-25.92092690090929,-25.579498408396738,24.81101272417024,63.30499839782715,77.13549995422363,72.77775192260742,,-19.209999084472656,115.33264544759581,-4.786677642797599,-15.460425836272776,,,100.2509994506836,54.02000045776367,-14.808433034029294,-25.34928528727911,-22.337620785369037,,-10.662999725341791,-2.666499710083002,-0.8213998413085903,59.005001068115234,60.86000061035156,55.80500030517578,64.06000137329102,53.95000076293945,82.59075783538819,77.13549995422363,71.68024207305908
2025-11-05 00:00:00-05:00,55.08000183105469,55.7599983215332,53.58000183105469,54.93000030517578,8647000,0.0,0.0,59.1,58.41094145273091,62.955999755859374,62.733330469436865,72.75949974060059,67.38961168671791,70.39259956359864,70.46204533108178,,71.63557471964221,,72.62085836871623,13.096753873958946,-4.566023078762697,-2.133491111625712,-2.432531967136985,72.75949974060059,97.96810007259181,47.55089940860937,50.41720066398244,0.1463607816258226,4.41608926266905,2.6711688304342567,4.996141978672573,39.44031857797084,3.8286596021001618,49.56681477848863,-99.87417424001602,-95.58391073733094,61241300.0,20877625.0,15437338.0,74.05895033564539,-14.559030140083468,-21.30372793186798,-22.184440919582567,26.878011904859108,63.084999084472656,76.91550064086914,72.94275283813477,,-14.870002746582031,114.82463544866262,0.0546425837214759,-14.559030140083468,,,100.2509994506836,53.58000183105469,-12.748585491149484,-24.50470316452128,-21.966228487488422,,-9.594000244140624,-3.2824996948242102,-1.0193998718261668,55.48666763305664,56.95333480834961,53.43333435058594,59.00666809082031,51.96666717529297,82.42267835998535,76.91550064086914,71.40832292175293
2025-11-06 00:00:00-05:00,56.38999938964844,56.45000076293945,51.84000015258789,51.95000076293945,15178100,0.0,0.0,56.50600051879883,56.25729455613376,61.3060001373291,60.77272506825552,71.7424997329712,65.91917255111997,70.00359954833985,69.73608279899778,,71.24576137396492,,72.41517819353437,13.120199371130965,-5.194053091579214,-2.7456035076164125,-2.4484495839628013,71.7424997329712,98.6169771929977,44.86802227294471,53.74895492005299,0.1317603012101089,0.34214811254342553,2.358619839875686,4.94328498840332,41.82352362859684,4.866625307609139,46.06537836234118,-95.62821019958558,-99.65785188745657,46063200.0,20394355.0,15603236.0,73.7322316353889,-19.978431564728695,-24.105181769078893,-28.13667159356615,27.693218733825134,59.80900001525879,76.04549980163574,72.8602523803711,,-16.499996185302734,115.09882762590757,-5.4250856101953016,-19.978431564728695,,,100.2509994506836,51.84000015258789,-15.26114793565336,-27.58824830985861,-25.789529255468896,,-9.352000045776371,-3.9974996566772347,-1.3433998870849564,54.756666819254555,55.93333180745442,53.75333531697591,56.93666330973307,52.57667032877604,81.75799771881103,76.04549980163574,70.33300188446046
2025-11-07 00:00:00-05:00,50.5,59.81999969482422,50.5,58.599998474121094,23302000,0.0,0.0,55.60800018310547,57.03819586212954,60.08500022888184,60.377683869321984,70.75549983978271,65.22210835331056,69.70559951782226,69.29937360978694,,70.99535022743336,,72.27771371871435,22.1585613658507,-5.096423761793275,-3.215767558451785,-1.8806562033414904,70.75549983978271,98.0563319503473,43.45466772921814,54.60166422112916,0.2773785554148399,26.65788351044023,10.472040295217568,5.184856687273298,43.21976904252729,9.282520168292761,44.73467098601062,-72.99925596988017,-73.34211648955977,69365200.0,18942735.0,15917194.0,73.31891428459895,-7.116819888425094,-17.24332651525534,-25.19785395269658,28.185052391471814,59.138999938964844,75.3754997253418,72.8602523803711,,-12.209999084472656,121.0112466980721,12.800765377323486,-7.116819888425094,,,100.2509994506836,50.5,-2.47150162120983,-17.179585181627274,-15.932150530979511,,-8.802999877929679,-4.563999557495123,-1.537599945068365,53.413333892822266,54.98666763305664,50.37666702270508,58.02333450317383,48.8033332824707,81.24611766052246,75.3754997253418,69.50488179016114
